name|team|pa|hr|r|rbi|sb|so|bb|h|ab|sf|hbp|x2b|x3b|avg|obp|slg
Enrique Hernández|LAD|4|1|2|2|0|0|0|4|4|0|0|2|0|1.0|1.0|2.25
Jair Camargo|ATL|2|0|1|0|0|1|0|1|2|0|0|1|0|0.5|0.5|1.0
Gabriel Gonzalez|MIN|4|0|1|0|0|0|2|1|2|0|0|0|0|0.5|0.75|0.5
Brewer Hicklen|ATL|4|0|0|1|0|1|0|2|4|0|0|1|0|0.5|0.5|0.75
Abimelec Ortiz|WSH|2|0|0|0|0|0|0|1|2|0|0|1|0|0.5|0.5|1.0
Eduardo Valencia|DET|11|2|3|3|0|3|0|5|10|0|1|0|0|0.5|0.545|1.1
Joshua Kuroda-Grauer|ATH|46|0|4|1|0|5|0|19|45|0|1|5|0|0.422|0.435|0.533
Justin Dean|CHC|6|0|3|3|0|2|1|2|5|0|0|0|1|0.4|0.5|0.8
Rafael Flores Jr.|PIT|12|1|2|2|0|1|2|4|10|0|0|1|0|0.4|0.5|0.8
Michael Stefanic|ATH|5|0|1|0|0|1|0|2|5|0|0|0|0|0.4|0.4|0.4
Tyler Tolbert|KCR|60|2|17|5|10|11|4|20|54|1|0|1|0|0.37|0.407|0.5
José Azócar|ATL|18|0|2|0|1|4|1|6|17|0|0|2|0|0.353|0.389|0.471
Jonatan Clase|TOR|19|2|4|6|0|5|2|6|17|0|0|0|0|0.353|0.421|0.706
Tommy Edman|LAD|78|1|11|11|2|14|8|23|67|0|1|4|1|0.343|0.421|0.478
Otto Lopez|MIA|410|9|61|45|17|58|20|127|380|6|4|26|6|0.334|0.368|0.505
Tyler Black|MIL|28|0|2|7|0|7|1|9|27|0|0|4|0|0.333|0.357|0.481
Omar Martinez|LAA|3|0|0|0|0|1|0|1|3|0|0|0|0|0.333|0.333|0.333
Luis Arraez|SFG|402|4|48|35|8|16|24|119|361|8|3|21|7|0.33|0.369|0.46
Samad Taylor|SDP|102|1|14|11|6|30|12|29|88|0|0|1|1|0.33|0.41|0.398
Yandy Díaz|TBR|394|13|51|55|1|54|37|111|345|3|9|17|1|0.322|0.398|0.49
Donovan Walton|LAA|97|3|14|12|0|18|5|29|91|0|0|8|0|0.319|0.354|0.505
Yordan Alvarez|HOU|420|31|65|70|1|72|63|111|349|3|5|17|0|0.318|0.426|0.633
Jordan Lawlar|ARI|44|1|6|4|4|10|3|12|38|0|3|2|0|0.316|0.409|0.447
Blaze Alexander|BAL|246|4|31|29|9|54|16|69|221|1|4|12|2|0.312|0.368|0.439
Andrew Vaughn|MIL|171|2|20|24|0|19|20|46|148|1|2|14|2|0.311|0.398|0.473
Nicky Lopez|TEX|126|1|14|12|4|18|4|36|116|0|2|3|0|0.31|0.344|0.362
Jake Mangum|PIT|253|2|35|19|18|42|14|71|229|1|6|10|1|0.31|0.364|0.389
Esmerlyn Valdez|PIT|105|10|21|27|0|38|10|29|94|1|0|6|1|0.309|0.371|0.713
Nick Gonzales|PIT|373|4|51|43|4|66|28|104|338|1|6|14|1|0.308|0.37|0.391
Trey Mancini|LAA|14|0|1|4|0|3|0|4|13|1|0|0|1|0.308|0.286|0.462
Wade Meckler|LAA|141|2|19|17|3|31|14|39|127|0|0|8|0|0.307|0.376|0.417
Xavier Edwards|MIA|409|6|50|37|13|48|50|107|353|5|0|13|6|0.303|0.385|0.425
Jung Hoo Lee|SFG|351|5|46|33|6|34|14|100|331|3|3|21|3|0.302|0.333|0.429
Tristan Peters|CHW|275|6|37|36|5|49|18|75|249|1|3|20|3|0.301|0.354|0.478
Jake McCarthy|COL|307|10|39|53|15|54|18|84|279|3|3|18|6|0.301|0.347|0.516
Brandon Marsh|PHI|363|15|52|46|8|96|19|102|339|3|2|15|2|0.301|0.339|0.49
Gabriel Moreno|ARI|275|6|34|32|4|43|32|71|236|4|3|14|0|0.301|0.385|0.436
Troy Johnston|COL|314|3|33|39|4|53|29|83|276|3|5|23|0|0.301|0.374|0.417
Luis Campusano|SDP|81|4|13|11|0|20|10|21|70|0|1|7|0|0.3|0.395|0.571
Jim Jarvis|ATL|32|1|2|3|0|7|1|9|30|0|0|2|0|0.3|0.323|0.467
Josh Jung|TEX|376|9|45|34|1|69|32|100|336|2|6|23|1|0.298|0.367|0.452
Jonathan Aranda|TBR|406|14|48|64|0|88|51|101|340|7|8|17|0|0.297|0.394|0.471
Michael Harris II|ATL|353|16|45|53|6|73|15|99|334|2|2|16|0|0.296|0.329|0.488
Tsung-Che Cheng|BOS|31|0|5|4|0|9|3|8|27|1|0|1|0|0.296|0.355|0.333
Alex Jackson|MIN|56|1|6|4|0|16|0|16|54|0|2|3|0|0.296|0.321|0.407
Ernie Clement|TOR|374|8|42|32|3|35|13|106|358|3|0|23|1|0.296|0.318|0.433
TJ Rumfield|COL|384|12|42|47|0|53|40|99|335|2|7|20|2|0.296|0.38|0.475
Brandon Lockridge|MIL|96|0|9|12|5|25|10|25|85|0|0|4|0|0.294|0.368|0.341
Jordan Walker|STL|395|22|62|74|13|98|32|105|357|3|3|19|0|0.294|0.354|0.532
Victor Bericoto|SFG|59|4|7|9|1|15|1|17|58|0|0|3|0|0.293|0.305|0.552
Shohei Ohtani|LAD|406|22|65|58|6|93|60|98|335|4|5|16|2|0.293|0.403|0.549
Ryan Jeffers|MIN|157|7|26|28|1|24|24|38|130|1|1|9|1|0.292|0.404|0.538
Luis Urías|TOR|27|1|2|2|0|3|3|7|24|0|0|1|0|0.292|0.37|0.458
Pete Crow-Armstrong|CHC|418|21|63|53|24|108|47|104|358|2|10|15|4|0.291|0.386|0.531
Eloy Jiménez|TOR|35|0|2|3|0|7|3|9|31|1|0|0|0|0.29|0.343|0.29
Freddie Freeman|LAD|408|15|52|49|3|65|47|103|355|3|3|23|1|0.29|0.375|0.487
Miguel Rojas|LAD|157|3|15|17|0|16|10|40|138|5|2|9|0|0.29|0.335|0.42
Juan Soto|NYM|334|21|44|51|7|43|55|80|276|2|0|8|2|0.29|0.405|0.562
Liam Hicks|MIA|342|13|50|58|2|30|33|86|297|6|5|9|1|0.29|0.364|0.458
Austin Hedges|CLE|145|3|17|14|1|25|11|37|128|1|1|7|0|0.289|0.348|0.414
Trevor Larnach|MIN|291|7|44|32|2|50|34|73|253|0|3|18|1|0.289|0.379|0.451
Connor Wong|BOS|134|1|14|15|3|28|14|32|111|1|4|8|0|0.288|0.385|0.387
Nathan Lukes|TOR|219|5|23|18|0|32|12|57|198|1|5|8|0|0.288|0.343|0.404
Riley Greene|DET|400|13|48|45|2|108|51|99|344|3|2|19|1|0.288|0.38|0.462
Ryan O'Hearn|PIT|339|16|49|63|1|74|26|88|306|2|5|13|0|0.288|0.351|0.487
Sam Antonacci|CHW|304|6|48|27|13|46|22|75|261|1|18|12|2|0.287|0.381|0.418
Jeremy Peña|HOU|216|6|35|22|8|35|15|56|195|2|4|9|0|0.287|0.347|0.426
Randy Arozarena|SEA|379|11|59|45|19|82|37|93|325|3|14|21|1|0.286|0.38|0.458
Bobby Witt Jr.|KCR|403|13|51|39|30|69|39|103|360|3|1|22|1|0.286|0.355|0.461
Deyvison De Los Santos|MIA|7|0|0|0|0|3|0|2|7|0|0|1|0|0.286|0.286|0.429
Justin Foscue|TEX|118|7|15|19|0|29|10|30|105|1|2|7|0|0.286|0.356|0.552
Luis Lara|MIL|18|0|2|2|0|2|4|4|14|0|0|1|0|0.286|0.444|0.357
Ryan Mountcastle|BAL|15|0|0|1|0|2|1|4|14|0|0|1|0|0.286|0.333|0.357
Joey Wiemer|WSH|83|3|16|12|1|29|12|20|70|0|1|5|1|0.286|0.398|0.514
Willson Contreras|BOS|364|20|46|61|2|90|35|89|312|3|14|16|2|0.285|0.379|0.542
Luis García Jr.|WSH|319|20|45|68|4|48|15|86|303|1|0|16|3|0.284|0.317|0.554
Jackson Chourio|MIL|283|13|44|37|8|69|20|74|261|1|1|17|0|0.284|0.336|0.498
Kevin McGonigle|DET|413|8|58|34|11|56|60|99|350|0|3|18|3|0.283|0.392|0.42
Bryan Reynolds|PIT|422|14|68|59|7|94|62|99|350|2|8|22|2|0.283|0.4|0.477
William Contreras|MIL|384|9|48|53|1|52|32|97|344|5|3|13|0|0.282|0.344|0.398
Blake Dunn|CIN|155|2|20|7|6|33|10|40|142|1|2|7|1|0.282|0.335|0.387
Jacob Wilson|ATH|237|4|24|26|2|27|11|63|224|1|0|10|1|0.281|0.314|0.388
Ceddanne Rafaela|BOS|368|8|41|39|12|73|18|96|342|0|6|22|3|0.281|0.328|0.433
Spencer Horwitz|PIT|295|10|36|33|1|40|40|69|246|4|5|11|1|0.28|0.386|0.455
Gleyber Torres|DET|190|4|26|18|0|33|29|44|157|2|2|6|0|0.28|0.395|0.395
Casey Schmitt|SFG|370|19|42|50|7|71|9|98|350|4|7|17|1|0.28|0.308|0.497
Carlos Cortes|ATH|230|6|20|23|1|30|22|57|204|1|3|11|1|0.279|0.357|0.431
James Wood|WSH|454|28|89|64|15|129|79|103|369|2|4|23|1|0.279|0.41|0.575
Ben Rice|NYY|390|29|64|68|2|91|48|94|337|2|3|15|3|0.279|0.372|0.599
Junior Caminero|TBR|411|28|61|59|2|78|53|99|355|2|1|14|0|0.279|0.372|0.555
Chandler Simpson|TBR|355|0|39|17|22|33|18|92|330|2|0|8|6|0.279|0.314|0.339
Carlos Correa|HOU|141|3|22|16|1|26|18|34|122|1|0|8|0|0.279|0.369|0.418
Chase DeLauter|CLE|333|11|33|46|3|45|32|83|299|2|0|16|1|0.278|0.345|0.448
Mickey Moniak|COL|227|15|30|38|1|58|13|58|209|2|3|11|3|0.278|0.326|0.574
Isiah Kiner-Falefa|BOS|132|2|19|13|7|18|12|33|119|0|0|4|0|0.277|0.344|0.361
Fernando Tatis Jr.|SDP|416|5|45|35|23|87|34|103|372|5|4|19|1|0.277|0.34|0.374
Brayan Rocchio|CLE|359|8|40|44|15|49|27|88|319|3|7|14|2|0.276|0.343|0.408
Konnor Griffin|PIT|247|5|35|25|20|65|16|62|225|2|4|10|2|0.276|0.332|0.404
A.J. Ewing|NYM|222|7|27|24|9|57|22|54|196|1|1|9|1|0.276|0.35|0.439
CJ Abrams|WSH|395|20|56|67|15|85|34|95|345|6|10|17|2|0.275|0.352|0.51
Wyatt Langford|TEX|191|9|26|22|6|41|12|49|178|0|1|8|2|0.275|0.325|0.494
Nolan Schanuel|LAA|320|6|31|35|0|48|26|79|287|2|5|17|0|0.275|0.344|0.397
Keibert Ruiz|WSH|212|7|29|35|2|27|7|55|200|3|2|17|0|0.275|0.302|0.465
Heliot Ramos|SFG|235|8|31|28|0|61|12|61|222|1|0|13|3|0.275|0.311|0.468
Jesús Sánchez|TOR|234|7|22|29|1|52|10|59|215|4|5|14|0|0.274|0.316|0.437
Garrett Mitchell|MIL|310|8|42|44|6|102|36|74|270|1|2|20|3|0.274|0.362|0.459
Elly De La Cruz|CIN|340|15|50|44|14|97|33|83|303|2|2|15|3|0.274|0.347|0.492
Brendan Donovan|SEA|101|3|9|8|1|15|11|23|84|1|5|4|1|0.274|0.386|0.452
Zack Gelof|ATH|247|11|41|29|8|62|14|62|227|0|4|11|1|0.273|0.327|0.476
Alec Burleson|STL|398|15|49|67|3|60|32|98|359|3|4|23|1|0.273|0.337|0.468
Cole Carrigg|COL|119|4|23|22|2|26|13|27|99|4|2|6|3|0.273|0.356|0.515
Carson Kelly|CHC|251|6|35|32|0|42|28|60|220|0|3|10|0|0.273|0.363|0.4
Nick Madrigal|LAA|52|0|7|2|1|3|7|12|44|0|1|1|0|0.273|0.385|0.295
Javier Sanoja|MIA|244|3|21|34|5|21|14|62|228|1|0|17|2|0.272|0.313|0.404
Bryce Eldridge|SFG|217|8|28|20|0|53|28|51|188|1|0|13|0|0.271|0.364|0.468
Byron Buxton|MIN|335|25|57|45|7|83|23|83|306|2|4|16|1|0.271|0.328|0.575
Orlando Arcia|MIN|50|1|6|2|0|8|2|13|48|0|0|1|0|0.271|0.3|0.354
Ezequiel Duran|TEX|325|10|40|50|7|74|24|80|296|3|1|15|2|0.27|0.324|0.436
Jhonny Pereda|SEA|68|2|8|4|0|11|4|17|63|0|1|0|0|0.27|0.324|0.365
Andy Pages|LAD|411|17|57|66|8|80|34|99|367|5|5|21|1|0.27|0.336|0.471
Jonah Cox|SFG|29|1|5|3|4|15|0|7|26|0|0|1|1|0.269|0.269|0.5
Chase Meidroth|CHW|392|7|54|31|2|94|37|93|346|2|2|17|0|0.269|0.341|0.379
Seiya Suzuki|CHC|343|15|47|48|1|88|35|81|302|3|3|14|0|0.268|0.347|0.464
Santiago Espinal|LAD|60|1|5|7|0|8|1|15|56|1|0|3|0|0.268|0.276|0.375
Starling Marte|KCR|125|1|12|9|1|34|8|30|112|2|3|4|0|0.268|0.328|0.33
Jake Bauers|MIL|346|18|56|59|6|89|47|79|295|1|3|15|1|0.268|0.373|0.508
Ozzie Albies|ATL|410|14|61|51|1|55|29|98|367|10|4|21|0|0.267|0.32|0.439
Ty France|SDP|229|11|24|33|1|54|12|55|206|3|7|9|2|0.267|0.325|0.49
Matt Olson|ATL|416|25|64|58|2|99|40|99|371|3|2|24|0|0.267|0.339|0.534
Raynel Delgado|HOU|33|1|3|4|0|5|2|8|30|0|0|1|0|0.267|0.313|0.4
Elias Díaz|TEX|93|4|10|16|0|17|2|24|90|1|0|6|0|0.267|0.28|0.467
Kyle Farmer|ATL|16|0|2|3|0|4|0|4|15|1|0|1|0|0.267|0.25|0.333
Yohendrick Piñango|TOR|160|5|11|20|0|37|10|40|150|0|0|7|0|0.267|0.313|0.413
Nick Kurtz|ATH|412|20|61|66|7|130|76|89|334|0|2|15|1|0.266|0.405|0.497
Brice Turang|MIL|416|14|66|60|15|103|54|95|357|2|0|23|3|0.266|0.361|0.465
Griffin Conine|MIA|91|5|13|12|2|27|10|21|79|0|2|4|0|0.266|0.363|0.506
Mauricio Dubón|ATL|372|10|42|51|3|53|25|91|343|0|2|19|2|0.265|0.319|0.42
Tyler Freeman|COL|251|3|27|23|6|31|11|58|219|0|15|6|1|0.265|0.343|0.342
Dominic Canzone|SEA|254|15|33|40|1|53|22|60|227|2|3|13|1|0.264|0.335|0.529
Masataka Yoshida|BOS|201|3|22|16|2|23|19|47|178|1|3|10|1|0.264|0.343|0.382
Oneil Cruz|PIT|283|14|45|44|21|98|30|66|250|0|3|10|0|0.264|0.35|0.472
Carson Benge|NYM|386|11|52|37|15|83|29|93|353|0|4|12|2|0.263|0.326|0.402
Justin Crawford|PHI|287|2|28|21|12|59|17|70|266|0|2|12|3|0.263|0.312|0.353
Dominic Smith|ATL|233|6|32|35|0|32|16|55|209|5|2|6|1|0.263|0.315|0.388
Brandon Nimmo|TEX|384|9|38|34|4|81|30|91|346|2|6|21|4|0.263|0.331|0.425
Kyle Karros|COL|323|9|47|34|3|68|40|73|278|2|3|18|2|0.263|0.359|0.439
Daniel Susac|SFG|115|0|5|14|1|27|6|27|103|2|2|5|1|0.262|0.31|0.33
Vladimir Guerrero Jr.|TOR|387|6|51|41|7|50|42|88|336|5|4|14|0|0.262|0.346|0.357
Alika Williams|ATH|88|2|12|8|0|26|3|22|84|0|0|7|0|0.262|0.287|0.417
Denzer Guzman|LAA|115|4|11|14|1|29|7|28|107|0|0|4|0|0.262|0.307|0.411
Dillon Dingler|DET|361|19|48|60|0|77|23|85|325|3|8|19|2|0.262|0.323|0.508
Henry Bolte|ATH|202|3|18|16|11|56|15|46|176|2|8|6|0|0.261|0.343|0.347
Maikel Garcia|KCR|294|3|32|30|5|45|24|70|268|2|0|17|2|0.261|0.32|0.373
Ben Malgeri|DET|28|0|2|4|0|7|4|6|23|1|0|1|0|0.261|0.357|0.304
Ryan Vilade|TBR|156|7|15|31|3|32|13|36|138|3|1|6|1|0.261|0.323|0.471
Wilyer Abreu|BOS|400|11|45|43|6|82|39|92|353|5|1|20|3|0.261|0.332|0.428
Willi Castro|COL|320|7|40|37|6|89|27|75|288|1|4|13|0|0.26|0.331|0.378
Bryce Harper|PHI|408|20|59|57|5|82|60|89|342|6|0|17|2|0.26|0.365|0.497
Jac Caglianone|KCR|349|15|44|35|3|102|25|83|319|1|4|15|2|0.26|0.321|0.461
Endy Rodríguez|PIT|122|5|15|16|2|29|21|26|100|0|0|6|0|0.26|0.388|0.47
Miguel Andujar|SDP|240|5|21|21|2|38|10|59|227|0|3|17|2|0.26|0.3|0.419
Michael Massey|KCR|246|7|30|31|2|41|14|59|227|3|0|16|0|0.26|0.299|0.423
Lars Nootbaar|STL|121|3|16|12|1|26|16|27|104|1|0|6|1|0.26|0.355|0.423
José Fermín|STL|173|4|16|20|3|25|12|41|158|1|0|9|0|0.259|0.31|0.392
Max Muncy|LAD|336|17|54|40|1|79|40|76|293|0|3|14|1|0.259|0.354|0.488
JJ Wetherholt|STL|407|13|58|36|9|64|40|91|351|2|14|10|0|0.259|0.356|0.399
Julio Rodríguez|SEA|378|14|46|40|12|79|29|89|344|1|4|15|0|0.259|0.323|0.424
Hyeseong Kim|LAD|131|1|16|11|5|31|12|30|116|2|0|3|1|0.259|0.323|0.328
Paul Goldschmidt|NYY|262|15|32|42|1|61|18|62|240|1|3|9|1|0.258|0.317|0.492
Luke Keaschall|MIN|355|4|48|28|12|54|34|79|306|5|10|14|1|0.258|0.346|0.35
Ildemaro Vargas|ARI|300|7|40|47|2|29|16|72|279|1|2|13|2|0.258|0.302|0.394
Derek Hill|PHI|145|7|21|16|10|52|9|34|132|0|1|3|0|0.258|0.31|0.439
Nick Fortes|TBR|222|2|23|19|0|27|6|53|206|1|7|11|0|0.257|0.3|0.34
Shea Langeliers|ATH|386|21|52|46|2|85|30|90|350|1|5|16|0|0.257|0.324|0.483
Nick Sogard|BOS|41|0|3|2|0|6|5|9|35|0|0|2|1|0.257|0.35|0.371
Will Wagner|SDP|45|0|5|0|0|7|10|9|35|0|0|1|0|0.257|0.422|0.286
Cooper Pratt|MIL|89|0|10|7|6|14|12|19|74|2|1|3|1|0.257|0.36|0.324
Anthony Seigler|BOS|85|2|13|6|2|15|8|19|74|1|1|6|0|0.257|0.333|0.419
Javier Báez|DET|82|2|10|6|1|16|2|20|78|1|1|5|0|0.256|0.28|0.397
Dane Myers|CIN|137|3|18|14|5|35|17|30|117|1|2|6|0|0.256|0.358|0.385
Sal Stewart|CIN|414|19|51|65|11|87|45|93|363|4|2|22|0|0.256|0.338|0.474
Alejandro Osuna|TEX|190|1|21|18|4|26|17|42|164|0|8|4|0|0.256|0.354|0.299
Ketel Marte|ARI|405|17|51|54|4|58|29|95|371|3|2|19|3|0.256|0.311|0.461
Jose Siri|LAA|96|5|18|18|1|27|6|22|86|1|1|3|0|0.256|0.309|0.465
Giancarlo Stanton|NYY|96|3|8|14|1|29|6|23|90|0|0|6|0|0.256|0.302|0.422
Bo Bichette|NYM|413|10|48|51|1|73|25|97|380|6|2|14|1|0.255|0.3|0.376
Hao-Yu Lee|DET|157|4|11|15|1|41|7|38|149|0|0|6|1|0.255|0.288|0.389
Taylor Ward|BAL|439|6|57|25|3|91|75|91|357|3|4|19|0|0.255|0.387|0.359
Jonny DeLuca|TBR|176|5|22|25|9|37|9|42|165|0|0|13|0|0.255|0.293|0.424
Jose Fernandez|ARI|177|3|23|15|7|40|7|42|165|0|1|7|0|0.255|0.289|0.352
Drake Baldwin|ATL|319|15|49|46|1|71|32|71|279|1|7|6|0|0.254|0.345|0.437
Hunter Goodman|COL|376|27|59|51|5|121|32|86|338|2|4|15|0|0.254|0.324|0.538
Kyle Schwarber|PHI|414|32|57|59|2|144|59|89|350|1|4|9|1|0.254|0.367|0.56
Dalton Rushing|LAD|205|10|30|30|0|53|19|46|181|1|4|10|0|0.254|0.337|0.475
Isaac Paredes|HOU|384|12|39|49|0|61|37|84|331|3|13|18|0|0.254|0.349|0.417
Jeremiah Jackson|BAL|212|7|24|35|2|42|4|52|205|2|1|10|0|0.254|0.269|0.405
Cody Bellinger|NYY|403|11|49|51|10|60|51|88|347|5|0|19|3|0.254|0.345|0.421
Francisco Alvarez|NYM|232|9|19|22|0|60|17|53|209|1|3|7|0|0.254|0.317|0.416
Adley Rutschman|BAL|275|8|29|47|0|39|28|61|241|5|1|18|1|0.253|0.327|0.436
Cole Young|SEA|384|11|45|43|3|70|25|88|348|3|7|14|1|0.253|0.313|0.394
Ben Williamson|TBR|219|2|26|23|8|42|19|50|198|0|1|9|1|0.253|0.321|0.338
Corbin Carroll|ARI|398|13|54|45|10|91|47|87|345|2|4|19|10|0.252|0.347|0.478
Josh Naylor|SEA|389|8|35|36|18|49|30|89|353|1|4|12|0|0.252|0.317|0.354
Pete Alonso|BAL|419|21|59|65|2|104|50|91|361|4|4|17|0|0.252|0.346|0.474
Ronald Acuña Jr.|ATL|236|7|31|22|15|52|35|49|195|2|4|10|1|0.251|0.373|0.421
José Caballero|NYY|298|10|36|35|22|69|16|68|272|3|5|10|0|0.25|0.301|0.397
Alex Call|LAD|134|1|19|16|1|21|17|28|112|2|3|5|0|0.25|0.358|0.321
Scott Kingery|CHC|4|0|2|0|1|0|0|1|4|0|0|0|0|0.25|0.25|0.25
Parker Meadows|DET|39|0|3|2|3|10|2|9|36|0|1|1|1|0.25|0.308|0.333
Logan Porter|LAA|6|0|2|0|0|2|2|1|4|0|0|1|0|0.25|0.5|0.5
Brian Serven|ATH|4|0|0|0|0|1|0|1|4|0|0|0|0|0.25|0.25|0.25
Braden Shewmake|MIL|85|3|10|9|0|15|2|20|80|1|0|4|0|0.25|0.265|0.413
Ali Sánchez|NYY|35|0|2|4|0|9|1|8|32|1|1|2|0|0.25|0.286|0.313
Chadwick Tromp|BAL|30|0|2|4|0|7|0|7|28|1|0|1|0|0.25|0.241|0.286
LaMonte Wade Jr.|HOU|34|2|6|8|0|11|2|8|32|0|0|2|0|0.25|0.294|0.5
Ryan Waldschmidt|ARI|128|0|11|9|6|43|9|29|116|1|1|9|1|0.25|0.307|0.345
Rafael Devers|SFG|407|19|49|52|0|111|38|91|365|3|1|25|1|0.249|0.319|0.479
Brooks Lee|MIN|373|14|44|51|6|60|28|85|341|1|2|15|2|0.249|0.309|0.428
Bryson Stott|PHI|353|7|37|42|17|61|26|80|321|2|2|17|4|0.249|0.308|0.393
Austin Martin|MIN|272|2|33|20|9|49|36|57|229|2|5|12|0|0.249|0.36|0.328
Vaughn Grissom|LAA|211|5|22|36|0|30|17|46|185|4|4|11|0|0.249|0.319|0.389
Iván Herrera|STL|423|11|60|40|5|68|51|86|346|2|24|14|1|0.249|0.381|0.39
Will Smith|LAD|201|6|23|23|0|34|23|43|173|3|2|5|0|0.249|0.338|0.382
Yainer Diaz|HOU|174|6|18|23|0|27|6|41|165|2|1|9|0|0.248|0.276|0.412
Jared Young|NYM|157|6|16|18|0|32|11|35|141|1|4|7|0|0.248|0.318|0.426
Samuel Basallo|BAL|301|16|34|46|0|77|25|68|274|2|0|9|1|0.248|0.309|0.464
Randal Grichuk|CHW|144|9|21|23|0|33|5|34|137|1|1|10|0|0.248|0.278|0.518
Ryan Kreidler|MIN|142|5|21|23|0|28|12|32|129|0|1|4|2|0.248|0.317|0.426
Josh Bell|MIN|375|13|48|60|1|81|28|85|343|2|2|21|1|0.248|0.307|0.429
Aaron Judge|NYY|261|17|43|38|5|72|42|53|214|1|2|10|0|0.248|0.375|0.533
Nathaniel Lowe|CIN|224|10|21|26|0|60|26|49|198|0|0|13|0|0.247|0.335|0.465
Curtis Mead|WSH|296|17|42|44|5|55|33|64|259|0|4|13|1|0.247|0.341|0.502
Spencer Steer|CIN|358|14|52|37|3|80|34|78|316|2|5|13|0|0.247|0.328|0.421
Brandon Lowe|PIT|402|21|59|64|1|107|37|88|357|6|2|21|1|0.246|0.316|0.487
Anthony Volpe|NYY|158|1|18|13|7|36|20|34|138|0|0|6|1|0.246|0.342|0.326
Matt Shaw|CHC|147|4|20|20|4|27|12|32|130|1|3|6|2|0.246|0.322|0.415
Daylen Lile|WSH|403|10|49|44|9|71|24|91|370|4|5|21|3|0.246|0.298|0.4
Nick Loftin|KCR|205|4|26|29|1|26|21|43|175|3|5|15|1|0.246|0.338|0.411
Pedro Ramírez|CHC|63|1|8|7|2|10|4|14|57|1|0|3|1|0.246|0.29|0.386
Nelson Velázquez|STL|65|4|10|12|0|16|6|14|57|1|1|3|0|0.246|0.323|0.509
Sebastián Rivero|LAA|57|0|5|8|0|12|3|13|53|0|0|2|0|0.245|0.286|0.283
Joe Mack|MIA|172|7|24|23|0|40|12|38|155|0|2|6|0|0.245|0.308|0.419
Colt Keith|DET|272|8|35|22|4|53|15|62|253|1|3|9|2|0.245|0.294|0.391
Miguel Vargas|CHW|409|21|64|59|11|67|56|84|343|4|5|20|1|0.245|0.355|0.493
Jo Adell|LAA|399|13|42|53|3|87|12|91|372|2|13|15|1|0.245|0.291|0.395
Kyle Isbel|KCR|183|3|16|11|5|41|10|40|164|1|3|7|1|0.244|0.298|0.354
Kyle Tucker|LAD|381|7|53|47|6|76|48|80|328|3|2|18|2|0.244|0.341|0.375
Tyler Callihan|PIT|89|3|12|15|1|27|9|19|78|1|1|3|2|0.244|0.326|0.449
Teoscar Hernández|LAD|251|8|36|36|2|70|24|54|222|3|2|8|0|0.243|0.319|0.387
Mickey Gasper|BOS|119|0|11|7|0|21|9|26|107|1|1|5|1|0.243|0.305|0.308
Masyn Winn|STL|357|4|39|38|7|70|29|77|317|5|6|12|2|0.243|0.314|0.331
Michael Conforto|CHC|160|8|20|22|1|47|19|34|140|1|0|10|0|0.243|0.331|0.486
Christian Yelich|MIL|276|6|42|31|6|79|28|59|243|1|3|13|1|0.243|0.327|0.379
Nolan Arenado|ARI|347|12|45|40|3|74|29|75|309|3|6|17|0|0.243|0.317|0.414
Kody Clemens|MIN|332|16|45|46|6|75|22|73|301|2|5|18|3|0.243|0.303|0.482
Yohel Pozo|STL|33|0|0|5|0|3|0|8|33|0|0|1|0|0.242|0.242|0.273
Andrew Benintendi|CHW|288|10|38|46|1|69|24|63|260|3|0|14|2|0.242|0.303|0.427
JJ Bleday|CIN|284|16|35|43|4|56|39|58|240|2|2|11|1|0.242|0.35|0.496
Luisangel Acuña|CHW|161|1|17|10|15|29|7|36|149|2|1|3|0|0.242|0.277|0.282
Nasim Nuñez|WSH|306|1|38|28|34|72|33|64|265|1|1|4|3|0.242|0.327|0.291
Geraldo Perdomo|ARI|391|6|46|34|15|47|55|78|323|5|4|13|3|0.241|0.354|0.356
Nick Allen|HOU|97|1|14|9|2|22|6|21|87|2|1|3|0|0.241|0.292|0.31
Jacob Gonzalez|PIT|98|2|11|17|0|22|8|21|87|0|2|4|0|0.241|0.32|0.356
Rikuu Nishida|CHW|30|0|3|2|0|5|0|7|29|0|0|0|0|0.241|0.241|0.241
José Tena|WSH|186|5|23|20|3|56|14|41|170|0|2|10|2|0.241|0.306|0.412
Tyler Soderstrom|ATH|347|14|43|42|1|61|45|72|299|1|2|21|2|0.241|0.343|0.465
Max Schuemann|NYY|68|2|17|6|3|17|11|13|54|0|3|5|0|0.241|0.397|0.444
Brandon Valenzuela|TOR|184|7|19|20|1|46|20|39|162|1|0|6|0|0.241|0.322|0.407
Alex Bregman|CHC|431|9|45|41|2|66|49|89|370|5|7|15|1|0.241|0.336|0.359
David Hamilton|MIL|238|3|31|15|18|54|22|49|204|0|1|6|2|0.24|0.317|0.333
Daulton Varsho|TOR|308|7|36|24|9|61|26|67|279|1|2|16|2|0.24|0.308|0.387
Edwin Arroyo|CIN|108|0|11|4|0|23|3|24|100|1|3|3|1|0.24|0.28|0.29
Victor Caratini|MIN|264|7|23|35|0|50|26|53|221|8|9|8|0|0.24|0.333|0.371
Isaac Collins|KCR|315|5|35|28|5|72|38|64|267|2|6|16|1|0.24|0.345|0.363
Jake Burger|TEX|372|16|41|58|2|98|29|81|338|2|3|14|0|0.24|0.304|0.423
Esteury Ruiz|MIA|118|4|24|9|20|33|15|23|96|1|5|8|1|0.24|0.368|0.469
Oswald Peraza|LAA|277|7|25|23|11|82|10|62|259|1|6|11|2|0.239|0.283|0.378
Michael Busch|CHC|424|11|40|49|2|94|63|83|347|4|10|17|2|0.239|0.368|0.395
Gabriel Arias|CLE|97|5|10|10|3|40|5|22|92|0|0|2|0|0.239|0.278|0.424
Angel Martínez|CLE|243|11|28|33|9|53|7|54|226|1|5|11|1|0.239|0.276|0.442
Kazuma Okamoto|TOR|382|22|50|62|0|118|36|81|339|2|5|12|0|0.239|0.319|0.469
José Ramírez|CLE|314|10|42|33|24|44|41|64|268|3|1|18|0|0.239|0.339|0.418
Kyle Stowers|MIA|305|12|36|42|1|96|28|64|268|2|6|16|3|0.239|0.322|0.455
Jose Trevino|CIN|70|1|7|8|0|11|1|16|67|0|0|3|0|0.239|0.25|0.328
Owen Caissie|MIA|246|12|30|50|4|96|18|52|218|7|3|12|0|0.239|0.297|0.459
Amed Rosario|NYY|165|9|20|27|1|40|11|36|151|3|0|4|1|0.238|0.285|0.457
Cam Cauley|TEX|23|0|4|0|0|3|2|5|21|0|0|0|1|0.238|0.304|0.333
Jorge Mateo|ATL|134|4|27|11|9|41|8|30|126|0|0|5|0|0.238|0.284|0.373
Jesus Rodriguez|SFG|46|2|3|8|1|5|3|10|42|0|1|1|0|0.238|0.304|0.405
Tyler Stephenson|CIN|257|6|18|24|0|63|28|54|227|2|0|10|0|0.238|0.319|0.361
Travis Bazzana|CLE|282|7|30|28|13|61|32|58|244|3|3|14|1|0.238|0.33|0.389
Richie Palacios|TBR|228|3|28|27|8|40|26|47|198|1|3|7|2|0.237|0.333|0.338
Darell Hernaiz|ATH|134|1|12|7|3|23|13|28|118|0|1|3|0|0.237|0.318|0.288
Leody Taveras|BAL|290|4|35|34|10|72|28|60|253|1|1|10|5|0.237|0.314|0.364
Drew Gilbert|SFG|216|4|21|20|0|37|19|45|190|1|4|10|2|0.237|0.318|0.374
Blaze Jordan|STL|83|1|8|14|0|12|3|18|76|4|0|4|1|0.237|0.253|0.355
Christian Walker|HOU|400|20|50|58|0|90|33|85|359|1|7|19|1|0.237|0.313|0.462
Mike Trout|LAA|354|18|58|39|7|87|67|67|283|0|4|13|0|0.237|0.39|0.473
Heriberto Hernández|MIA|228|13|25|36|5|53|23|48|203|1|1|9|1|0.236|0.316|0.483
Sal Frelick|MIL|312|4|33|34|6|31|25|65|275|3|2|14|0|0.236|0.302|0.331
Nathan Church|STL|254|8|30|28|5|54|13|56|237|2|2|9|1|0.236|0.28|0.384
Jorbit Vivas|WSH|210|3|21|16|0|27|19|43|182|2|4|8|0|0.236|0.319|0.33
Carter Jensen|KCR|346|13|41|49|1|101|31|73|309|5|1|18|0|0.236|0.303|0.421
Trea Turner|PHI|415|10|62|33|16|92|25|91|386|2|2|16|0|0.236|0.284|0.355
Trent Grisham|NYY|303|10|49|40|7|51|41|61|259|3|0|14|2|0.236|0.337|0.421
Kevin Alcántara|CHC|18|0|3|3|0|6|1|4|17|0|0|0|0|0.235|0.278|0.235
Mookie Betts|LAD|259|11|35|31|1|29|19|56|238|1|1|10|0|0.235|0.293|0.416
Cody Freeman|TEX|18|0|1|0|0|5|1|4|17|0|0|0|0|0.235|0.278|0.235
Jose Altuve|HOU|317|11|45|27|2|70|29|67|285|1|1|13|1|0.235|0.307|0.404
Joc Pederson|TEX|294|15|35|34|1|66|36|59|251|3|3|8|2|0.235|0.334|0.462
Tristan Gray|MIN|180|4|15|29|2|56|9|39|166|3|1|5|0|0.235|0.274|0.337
Jasson Domínguez|NYY|140|5|13|11|6|28|6|31|132|0|1|8|0|0.235|0.273|0.409
Matt Chapman|SFG|352|7|35|42|0|81|37|72|307|3|5|18|1|0.235|0.324|0.368
Zach Neto|LAA|423|19|67|45|12|133|44|87|371|1|7|20|2|0.235|0.326|0.453
Alex Freeland|LAD|220|3|24|19|2|66|22|45|192|2|1|7|0|0.234|0.313|0.318
Lane Thomas|KCR|269|7|26|31|4|60|34|54|231|2|2|15|0|0.234|0.335|0.39
Hunter Feduccia|TBR|137|2|13|11|0|40|13|28|120|1|1|4|1|0.233|0.311|0.333
Jared Triolo|PIT|215|1|21|16|6|48|16|45|193|0|3|11|0|0.233|0.302|0.306
Spencer Jones|NYY|82|2|6|7|1|34|9|17|73|0|0|4|0|0.233|0.317|0.37
Myles Straw|TOR|164|3|26|16|3|22|13|34|146|3|0|6|0|0.233|0.29|0.336
Nico Hoerner|CHC|420|4|37|38|14|33|36|87|374|5|5|23|0|0.233|0.305|0.326
Dylan Beavers|BAL|148|2|19|13|3|35|16|30|129|1|1|9|0|0.233|0.32|0.349
Dustin Harris|HOU|52|0|6|5|4|7|6|10|43|1|1|1|1|0.233|0.333|0.302
Austin Hays|CHW|44|1|3|7|0|13|1|10|43|0|0|1|0|0.233|0.25|0.326
Munetaka Murakami|CHW|259|20|45|42|1|87|46|49|211|1|1|5|0|0.232|0.371|0.54
Everson Pereira|CHW|77|3|7|7|1|23|5|16|69|1|2|4|0|0.232|0.299|0.42
Sterlin Thompson|COL|77|2|7|10|0|21|5|16|69|0|3|4|0|0.232|0.312|0.377
Andrés Giménez|TOR|313|7|25|38|10|60|11|67|289|3|8|15|1|0.232|0.277|0.363
Jake Fraley|TBR|90|2|6|5|3|25|8|19|82|0|0|7|0|0.232|0.3|0.39
Jonah Heim|ATH|180|9|20|29|0|35|13|38|164|2|1|9|0|0.232|0.289|0.451
Moisés Ballesteros|CHC|175|6|16|23|1|36|17|36|156|2|0|6|0|0.231|0.303|0.385
Romy Gonzalez|BOS|43|1|4|5|0|14|3|9|39|0|1|1|1|0.231|0.302|0.385
P.J. Higgins|CIN|32|0|1|4|0|8|2|6|26|1|0|1|0|0.231|0.276|0.269
Braden Montgomery|CHW|116|3|15|12|0|24|10|24|104|1|1|8|0|0.231|0.302|0.394
Austin Slater|TBR|74|0|6|3|4|21|8|15|65|1|0|3|0|0.231|0.311|0.277
Mike Yastrzemski|ATL|262|6|34|28|1|61|27|53|230|1|4|11|1|0.23|0.321|0.365
Agustín Ramírez|MIA|129|2|14|14|3|28|13|26|113|1|2|5|1|0.23|0.318|0.345
Taylor Trammell|HOU|124|3|14|11|1|42|9|26|113|0|1|5|1|0.23|0.293|0.372
Willy Adames|SFG|384|15|45|37|2|107|25|82|357|1|1|21|1|0.23|0.281|0.42
Josh Smith|TEX|138|1|8|8|2|26|14|28|122|1|1|3|1|0.23|0.312|0.295
Roman Anthony|BOS|130|1|12|5|2|33|20|25|109|0|1|5|1|0.229|0.354|0.321
Andruw Monasterio|BOS|169|5|18|16|2|38|11|36|157|0|0|12|1|0.229|0.28|0.414
Miguel Amaya|CHC|158|3|25|13|0|36|18|30|131|0|7|7|0|0.229|0.353|0.351
Luke Raley|SEA|259|14|25|36|1|84|13|54|236|1|7|9|1|0.229|0.288|0.453
Zach Dezenzo|HOU|63|1|9|3|1|24|6|13|57|0|0|4|0|0.228|0.302|0.351
Caleb Durbin|BOS|317|9|38|39|10|44|22|65|285|2|5|18|1|0.228|0.293|0.393
James McCann|ARI|69|2|5|10|0|18|1|15|66|0|0|3|0|0.227|0.239|0.364
Max Muncy|ATH|175|5|24|20|3|58|14|35|154|3|4|7|2|0.227|0.303|0.396
Brady House|WSH|177|7|22|25|1|50|13|37|163|1|0|7|0|0.227|0.282|0.399
Jeff McNeil|ATH|294|3|23|26|1|36|21|60|265|3|4|11|0|0.226|0.29|0.302
Eli White|ATL|125|4|15|15|4|27|8|26|115|1|1|5|1|0.226|0.28|0.391
Joey Ortiz|MIL|241|3|24|22|5|42|21|48|213|3|0|8|0|0.225|0.291|0.305
Steven Kwan|CLE|354|1|37|16|6|36|46|67|298|2|3|10|2|0.225|0.332|0.282
Gunnar Henderson|BAL|439|17|55|43|7|99|34|89|397|2|6|16|2|0.224|0.294|0.403
Xander Bogaerts|SDP|363|9|38|37|12|69|41|71|317|2|3|7|0|0.224|0.317|0.331
Jacob Young|WSH|288|8|34|31|9|54|15|60|268|0|4|11|2|0.224|0.275|0.369
Luis Robert Jr.|NYM|98|2|10|8|2|17|13|19|85|0|0|3|0|0.224|0.327|0.329
Tommy Troy|ARI|134|4|22|9|1|31|13|27|121|0|0|3|1|0.223|0.299|0.364
Jazz Chisholm Jr.|NYY|360|13|47|37|26|105|37|71|319|3|1|12|2|0.223|0.303|0.395
Vinnie Pasquantino|KCR|299|6|28|32|3|53|33|58|261|4|1|10|2|0.222|0.308|0.345
John Rave|KCR|21|1|3|1|0|7|3|4|18|0|0|2|1|0.222|0.333|0.611
Edouard Julien|COL|247|3|33|20|5|64|34|47|212|0|1|7|1|0.222|0.332|0.307
Kerry Carpenter|DET|231|13|26|36|0|72|18|45|203|3|5|5|2|0.222|0.297|0.458
Gavin Sheets|SDP|322|14|35|40|4|70|38|62|280|0|4|15|0|0.221|0.323|0.425
Brett Sullivan|COL|133|4|12|15|0|23|7|27|122|2|1|8|0|0.221|0.265|0.385
Kahlil Watson|CLE|80|1|5|10|8|28|3|17|77|0|0|4|0|0.221|0.25|0.312
Brett Baty|NYM|328|4|35|31|5|89|30|64|290|4|3|13|1|0.221|0.297|0.314
Kyle Higashioka|TEX|177|7|19|17|0|46|17|35|159|0|1|3|0|0.22|0.299|0.371
Ian Happ|CHC|397|17|59|42|4|125|50|75|341|1|5|17|2|0.22|0.327|0.431
Colson Montgomery|CHW|381|23|45|53|1|121|31|75|341|0|9|16|0|0.22|0.302|0.469
Gary Sánchez|MIL|178|8|26|25|0|31|34|31|141|1|2|5|1|0.22|0.376|0.44
Christian Vázquez|HOU|191|5|18|22|1|32|14|38|173|1|0|6|0|0.22|0.277|0.341
Marcelo Mayer|BOS|228|3|19|22|3|44|16|45|205|3|3|10|0|0.22|0.282|0.312
Kameron Misner|KCR|44|0|2|4|3|17|2|9|41|0|0|1|0|0.22|0.256|0.244
Jackson Merrill|SDP|392|10|43|38|19|98|28|79|360|0|1|15|1|0.219|0.278|0.35
Royce Lewis|MIN|256|10|30|29|6|69|24|50|228|2|2|11|0|0.219|0.297|0.399
Drew Cavanaugh|SFG|38|0|1|2|0|9|5|7|32|0|0|0|0|0.219|0.324|0.219
J.P. Crawford|SEA|335|10|38|28|1|69|45|62|284|1|5|10|0|0.218|0.334|0.359
Ryan Ward|LAD|60|3|8|12|0|17|5|12|55|0|0|4|0|0.218|0.283|0.455
Cam Smith|HOU|361|12|39|34|9|85|31|70|321|4|4|13|1|0.218|0.292|0.377
George Springer|TOR|293|9|31|22|6|59|29|56|257|1|3|11|1|0.218|0.303|0.374
Edmundo Sosa|PHI|162|5|17|25|3|33|5|32|147|3|4|5|1|0.218|0.258|0.367
Tyrone Taylor|NYM|129|6|14|17|0|23|5|26|120|0|0|6|0|0.217|0.248|0.417
Victor Robles|SEA|106|0|7|5|6|18|5|21|97|1|2|3|0|0.216|0.267|0.247
George Valera|CLE|38|0|1|6|0|8|1|8|37|0|0|3|0|0.216|0.237|0.297
Luis Torrens|NYM|178|2|20|18|0|38|10|35|162|0|4|10|0|0.216|0.278|0.315
Joey Bart|ATL|96|4|12|12|0|27|3|19|88|1|4|2|0|0.216|0.271|0.375
Francisco Lindor|NYM|171|5|22|12|2|27|16|33|153|0|2|3|3|0.216|0.298|0.373
Joey Loperfido|HOU|120|1|13|12|1|31|14|22|102|1|1|7|1|0.216|0.314|0.333
Alec Bohm|PHI|374|11|31|47|1|56|25|73|339|4|6|14|0|0.215|0.278|0.354
Leo Jiménez|MIA|123|2|12|8|1|25|10|23|107|1|5|4|0|0.215|0.309|0.308
Kyle Manzardo|CLE|310|10|32|30|0|96|33|58|270|2|5|7|1|0.215|0.31|0.359
Tanner Murray|CHW|33|1|2|3|0|7|2|6|28|1|1|0|0|0.214|0.281|0.321
Alan Roden|MIN|16|0|0|3|0|3|2|3|14|0|0|0|0|0.214|0.313|0.214
Tim Tawa|ARI|99|3|9|15|2|22|10|18|84|1|0|5|0|0.214|0.295|0.381
Jorge Soler|LAA|310|11|33|42|0|96|31|58|271|4|4|13|1|0.214|0.3|0.391
Colton Cowser|BAL|231|8|28|27|4|71|26|43|201|2|1|3|0|0.214|0.304|0.348
Marcus Semien|NYM|318|9|30|29|6|68|23|62|290|3|1|8|1|0.214|0.271|0.341
Ryan McMahon|NYY|225|9|23|26|3|72|18|44|206|0|0|7|0|0.214|0.277|0.379
Victor Mesa Jr.|TBR|104|5|13|12|3|24|13|19|89|1|0|2|0|0.213|0.311|0.404
Taylor Walls|TBR|267|0|36|21|13|67|31|48|225|3|2|11|2|0.213|0.31|0.28
Jarred Kelenic|TEX|69|1|5|4|0|25|8|13|61|0|0|2|0|0.213|0.304|0.295
Bryce Teodosio|LAA|51|0|5|2|4|18|3|10|47|0|0|2|0|0.213|0.26|0.255
Pedro Pagés|STL|160|4|13|11|2|41|6|31|146|2|2|6|0|0.212|0.25|0.336
Logan O'Hoppe|LAA|233|4|20|23|0|58|16|45|212|1|3|8|0|0.212|0.276|0.307
Sung-Mun Song|SDP|98|1|13|13|11|16|13|18|85|0|0|3|0|0.212|0.316|0.282
Dylan Crews|WSH|189|6|25|18|5|41|10|37|175|0|4|5|0|0.211|0.27|0.343
Mark Vientos|NYM|254|11|25|35|0|61|12|50|237|2|3|9|0|0.211|0.256|0.388
Dansby Swanson|CHC|356|16|59|58|12|84|37|66|313|4|1|11|2|0.211|0.293|0.412
Lourdes Gurriel Jr.|ARI|185|2|12|20|1|33|10|36|171|2|2|8|0|0.211|0.259|0.292
Weston Wilson|SEA|64|2|8|6|4|18|6|12|57|0|1|1|0|0.211|0.297|0.333
Jackson Holliday|BAL|142|5|17|15|4|37|21|25|119|2|0|3|1|0.21|0.324|0.378
Adam Frazier|LAA|93|1|15|6|0|28|9|17|81|0|1|5|1|0.21|0.297|0.333
Daniel Schneemann|CLE|261|6|27|28|5|76|22|50|239|0|0|11|0|0.209|0.276|0.331
Salvador Perez|KCR|374|11|31|37|0|76|13|73|349|5|7|14|0|0.209|0.249|0.344
Eugenio Suárez|CIN|267|11|23|35|0|96|24|50|240|1|2|10|0|0.208|0.285|0.388
Josh Lowe|LAA|185|8|17|21|3|50|9|36|173|1|1|4|0|0.208|0.25|0.37
Spencer Torkelson|DET|371|16|38|43|0|122|41|67|322|2|5|18|0|0.208|0.305|0.413
Brenton Doyle|COL|122|1|21|4|9|40|11|23|111|0|0|4|0|0.207|0.279|0.27
Austin Riley|ATL|385|9|38|42|6|113|32|71|343|2|8|13|1|0.207|0.288|0.329
J.T. Realmuto|PHI|257|7|27|33|3|53|19|47|228|2|8|11|0|0.206|0.288|0.346
Trevor Story|BOS|176|3|16|19|4|57|8|34|165|2|1|7|0|0.206|0.244|0.303
Jake Meyers|HOU|148|3|14|11|1|30|10|28|136|1|1|6|0|0.206|0.264|0.316
Matt Vierling|DET|262|5|23|30|3|43|19|49|238|4|0|12|2|0.206|0.261|0.336
Marcell Ozuna|PIT|250|8|19|28|0|77|24|46|224|0|2|5|0|0.205|0.288|0.335
Connor Norby|MIA|233|4|17|16|6|70|24|41|200|1|8|12|0|0.205|0.313|0.325
Colby Thomas|ATH|103|4|11|11|1|30|4|20|98|0|0|3|0|0.204|0.235|0.357
Kyle Teel|CHW|61|2|9|13|0|22|6|11|54|0|1|1|0|0.204|0.295|0.333
Ramón Laureano|SDP|206|7|23|21|7|65|20|37|182|2|2|6|2|0.203|0.286|0.374
Luis Rengifo|SDP|211|0|19|19|3|25|19|38|187|2|1|9|0|0.203|0.278|0.251
David Fry|CLE|149|6|16|13|0|46|21|26|128|0|0|4|0|0.203|0.315|0.375
Manny Machado|SDP|390|19|46|55|2|87|44|69|340|5|0|16|0|0.203|0.29|0.418
Alejandro Kirk|TOR|99|2|8|9|0|13|9|18|89|1|0|4|0|0.202|0.273|0.315
Colt Emerson|SEA|160|7|17|20|3|55|13|29|144|1|2|5|1|0.201|0.275|0.396
Luken Baker|ARI|5|0|0|0|0|3|0|1|5|0|0|0|0|0.2|0.2|0.2
Jhostynxon Garcia|PIT|37|0|2|2|0|10|1|7|35|0|1|1|0|0.2|0.243|0.229
Max Kepler|ARI|38|1|3|8|0|10|1|7|35|2|0|2|0|0.2|0.211|0.343
Luis Matos|MIL|21|0|1|0|0|7|1|4|20|0|0|0|0|0.2|0.238|0.2
Christian Moore|LAA|22|0|0|1|0|11|1|4|20|1|0|0|0|0.2|0.227|0.2
Cedric Mullins|TBR|319|11|32|30|14|65|26|56|280|2|5|4|1|0.2|0.278|0.339
Brent Rooker|ATH|203|10|20|29|2|65|19|36|180|2|2|4|0|0.2|0.281|0.389
Rowdy Tellez|ATL|11|1|2|4|0|3|1|2|10|0|0|0|0|0.2|0.273|0.5
Ezequiel Tovar|COL|341|8|32|32|5|86|18|63|315|6|2|17|0|0.2|0.243|0.33
Will Wilson|SEA|6|1|1|2|0|1|1|1|5|0|0|0|0|0.2|0.333|0.8
Travis d'Arnaud|LAA|40|1|5|3|0|7|3|7|35|0|2|1|0|0.2|0.3|0.314
Nick Yorke|PIT|86|1|6|6|0|17|7|15|76|1|2|3|0|0.197|0.279|0.276
Zach McKinstry|DET|248|4|21|19|1|42|25|43|218|2|0|6|2|0.197|0.278|0.298
Brice Matthews|HOU|226|7|23|22|4|71|15|41|208|1|0|5|1|0.197|0.25|0.332
Jakob Marsee|MIA|389|5|47|25|19|85|50|64|325|1|9|11|3|0.197|0.319|0.295
Lawrence Butler|ATH|274|5|31|22|6|73|33|47|240|0|1|9|0|0.196|0.296|0.296
Jake Cronenworth|SDP|162|3|17|12|3|36|15|28|143|0|3|3|0|0.196|0.286|0.28
Noelvi Marte|CIN|137|6|15|13|4|35|9|25|128|0|0|5|0|0.195|0.248|0.375
Adolis García|PHI|259|7|21|21|3|84|21|45|231|3|4|8|1|0.195|0.27|0.329
Tyler O'Neill|BAL|175|6|21|12|1|50|19|30|154|0|2|6|0|0.195|0.291|0.351
Lenyn Sosa|TOR|117|1|11|9|0|25|1|22|113|1|1|7|0|0.195|0.207|0.283
Jarren Duran|BOS|376|13|41|45|14|113|27|66|340|4|4|10|2|0.194|0.259|0.35
Nolan Gorman|STL|229|7|19|26|0|74|25|39|201|3|0|4|0|0.194|0.279|0.318
Bryan Torres|STL|73|4|9|8|1|16|5|13|67|0|0|0|2|0.194|0.25|0.433
Victor Scott II|STL|184|2|19|9|9|44|16|30|155|1|2|4|0|0.194|0.276|0.258
Braxton Fulford|COL|66|1|12|7|4|27|6|11|57|2|1|4|0|0.193|0.273|0.316
Coby Mayo|BAL|246|12|30|34|1|80|19|43|223|1|3|9|0|0.193|0.264|0.395
Miles Mastrobuoni|SEA|30|0|3|1|0|10|2|5|26|1|0|0|0|0.192|0.241|0.192
Andrew McCutchen|TEX|83|1|8|5|0|22|9|14|73|1|0|2|0|0.192|0.277|0.26
MJ Melendez|NYM|144|4|14|11|0|50|17|23|120|1|5|5|1|0.192|0.315|0.35
Nick Castellanos|SDP|122|4|9|20|2|34|5|22|115|2|0|5|0|0.191|0.221|0.339
Matt McLain|CIN|309|8|32|25|11|83|36|51|268|0|3|13|0|0.19|0.293|0.328
Yoán Moncada|LAA|130|3|9|10|1|45|17|21|111|0|2|1|1|0.189|0.308|0.297
Carlos Narváez|BOS|174|2|15|6|1|55|12|29|154|2|3|6|0|0.188|0.257|0.266
J.C. Escarra|NYY|92|0|8|7|0|18|6|16|85|1|0|5|1|0.188|0.239|0.271
Will Benson|CIN|114|3|11|6|1|38|16|18|96|0|1|3|1|0.188|0.31|0.333
Evan Carter|TEX|266|7|32|22|11|65|33|42|224|1|4|7|2|0.188|0.302|0.33
Sean Keys|TOR|32|1|5|5|0|12|0|6|32|0|0|1|0|0.188|0.188|0.313
Edgar Quero|CHW|172|2|12|15|1|41|12|28|150|5|3|1|0|0.187|0.253|0.233
Jorge Barrosa|ARI|129|2|19|10|0|36|10|21|113|0|1|10|1|0.186|0.258|0.345
Adrian Del Castillo|ARI|164|5|12|23|0|48|12|28|151|1|0|4|0|0.185|0.244|0.311
Patrick Bailey|CLE|194|3|16|15|2|50|13|33|178|1|0|5|1|0.185|0.24|0.275
Drew Millas|WSH|152|2|18|11|0|37|14|24|130|1|3|4|0|0.185|0.277|0.262
Thomas Saggese|STL|82|1|9|4|1|26|6|14|76|0|0|2|1|0.184|0.244|0.276
Mitch Garver|SEA|130|4|17|14|0|41|20|20|109|0|1|2|0|0.183|0.315|0.312
Jordan Beck|COL|88|1|7|10|2|22|5|15|82|1|0|5|1|0.183|0.227|0.305
CJ Kayfus|CLE|25|1|4|2|0|8|2|4|22|0|1|1|0|0.182|0.28|0.364
Brian Navarreto|MIA|14|0|2|0|0|4|1|2|11|0|0|1|0|0.182|0.25|0.273
Corey Seager|TEX|219|10|28|25|1|59|28|34|187|2|2|6|0|0.182|0.292|0.374
TJ Friedl|CIN|214|3|18|11|5|52|16|34|188|1|4|6|1|0.181|0.258|0.271
Alek Thomas|ARI|100|2|12|10|4|23|3|17|94|0|2|9|0|0.181|0.222|0.34
Petey Halpin|CLE|65|0|9|1|4|20|2|11|61|0|0|1|1|0.18|0.206|0.23
Wenceel Pérez|DET|175|7|22|17|3|29|14|29|161|0|0|4|1|0.18|0.246|0.348
Ronny Mauricio|NYM|50|1|4|2|0|18|0|9|50|0|0|1|0|0.18|0.18|0.26
Connor Joe|SEA|45|1|2|3|2|15|6|7|39|0|0|2|0|0.179|0.289|0.308
Gabriel Rincones Jr.|PHI|71|2|6|6|0|19|2|12|67|1|1|3|0|0.179|0.211|0.313
Garrett Stubbs|PHI|32|0|7|2|0|6|1|5|28|1|2|0|0|0.179|0.25|0.179
Jorge Polanco|NYM|79|1|4|3|0|14|6|13|73|0|0|4|0|0.178|0.241|0.274
Bryce Johnson|SDP|49|0|5|2|5|18|3|8|45|0|0|2|0|0.178|0.229|0.222
Rhys Hoskins|CLE|263|9|28|31|0|83|42|38|214|4|3|13|0|0.178|0.316|0.364
Juan Brito|CLE|56|0|7|3|0|17|4|9|51|0|1|4|0|0.176|0.25|0.255
Jerar Encarnacion|SFG|35|0|1|0|0|8|1|6|34|0|0|1|0|0.176|0.2|0.206
Jake Rogers|DET|100|3|11|9|1|30|11|15|85|2|1|2|1|0.176|0.273|0.329
Josh Rojas|KCR|35|1|4|5|0|8|1|6|34|0|0|2|0|0.176|0.2|0.324
Eric Wagaman|NYM|39|2|3|4|0|9|4|6|34|0|1|0|0|0.176|0.282|0.353
Graham Pauley|MIA|97|1|9|11|1|23|5|16|91|0|0|8|0|0.176|0.219|0.297
Tyler Heineman|LAA|107|1|8|6|0|22|3|17|97|0|3|2|0|0.175|0.223|0.227
Sam Huff|BAL|23|0|1|1|0|11|0|4|23|0|0|2|0|0.174|0.174|0.261
Reese McGuire|CHW|34|0|1|3|0|9|2|5|29|0|2|0|0|0.172|0.273|0.172
Billy Cook|PIT|35|0|7|0|4|14|0|6|35|0|0|1|0|0.171|0.171|0.2
Danny Jansen|TEX|142|3|11|12|1|40|13|21|123|0|5|6|1|0.171|0.277|0.309
Harrison Bader|SFG|111|5|10|14|0|34|4|18|106|1|0|5|0|0.17|0.198|0.358
Denzel Clarke|ATH|60|0|4|6|2|24|4|9|53|0|0|1|0|0.17|0.228|0.189
Cal Raleigh|SEA|280|9|23|29|2|91|35|41|242|3|0|7|0|0.169|0.271|0.31
Andrés Chaparro|WSH|65|1|9|7|0|18|10|9|54|0|1|3|0|0.167|0.308|0.278
LuJames Groover|ARI|54|1|4|4|0|11|5|8|48|0|1|2|0|0.167|0.259|0.271
Michael Helman|TEX|35|1|2|2|0|6|1|5|30|1|2|1|0|0.167|0.235|0.3
Jonathan India|KCR|58|2|8|8|0|13|8|8|48|0|2|1|0|0.167|0.31|0.313
Jace Jung|DET|8|0|1|0|0|1|2|1|6|0|0|0|0|0.167|0.375|0.167
Luke Maile|KCR|7|1|2|3|0|2|1|1|6|0|0|0|0|0.167|0.286|0.667
Collin Price|HOU|13|0|1|0|0|6|1|2|12|0|0|1|0|0.167|0.231|0.25
Matt Wallner|MIN|135|4|14|10|0|53|10|20|120|0|5|3|0|0.167|0.259|0.292
Henry Davis|PIT|188|8|24|27|2|38|18|27|163|1|5|5|0|0.166|0.267|0.344
Jimmy Crooks|STL|70|2|3|8|0|24|6|10|61|0|3|2|0|0.164|0.271|0.295
Eric Haase|SFG|84|4|8|9|0|28|6|12|74|0|1|3|0|0.162|0.235|0.365
Christopher Morel|MIA|73|0|3|1|1|28|4|11|68|0|1|3|0|0.162|0.219|0.206
Charles McAdoo|TOR|25|1|2|3|0|6|0|4|25|0|0|0|0|0.16|0.16|0.28
Sam Haggerty|TEX|47|0|3|1|2|16|2|7|44|0|1|1|0|0.159|0.213|0.182
Stuart Fairchild|CLE|27|0|3|1|2|14|7|3|19|0|1|0|0|0.158|0.407|0.158
Aramis Garcia|ARI|19|1|2|2|0|6|0|3|19|0|0|0|0|0.158|0.158|0.316
Felix Reyes|PHI|38|1|2|2|0|9|0|6|38|0|0|1|0|0.158|0.158|0.263
Ramón Urías|STL|68|2|9|5|0|12|6|9|57|1|4|3|0|0.158|0.279|0.316
Gage Workman|DET|38|2|3|5|0|16|0|6|38|0|0|3|0|0.158|0.158|0.395
Blake Perkins|MIL|101|1|14|11|3|22|10|14|89|0|1|6|0|0.157|0.25|0.258
Zach Cole|HOU|53|3|4|8|0|21|1|8|51|0|1|1|0|0.157|0.189|0.353
Junior Perez|CHW|33|2|3|4|0|14|1|5|32|0|0|0|0|0.156|0.182|0.344
Austin Wells|NYY|220|6|19|13|1|61|24|30|194|1|0|2|0|0.155|0.247|0.258
Davis Schneider|TOR|118|3|16|12|1|39|18|15|98|1|0|5|0|0.153|0.282|0.296
Freddy Fermin|SDP|162|3|15|11|0|32|17|21|138|2|2|7|0|0.152|0.252|0.268
James Outman|DET|136|3|17|13|5|58|10|19|125|0|1|4|2|0.152|0.221|0.288
Joey Meneses|ATH|25|0|1|2|0|4|3|3|20|1|1|0|0|0.15|0.28|0.15
Rodolfo Durán|SDP|91|3|8|8|0|24|7|12|82|0|1|4|0|0.146|0.222|0.305
Steward Berroa|PHI|7|0|0|1|0|4|0|1|7|0|0|0|0|0.143|0.143|0.143
Ke'Bryan Hayes|CIN|135|2|10|5|1|22|8|18|126|0|1|2|1|0.143|0.2|0.222
Daniel Johnson|HOU|17|0|1|0|0|3|2|2|14|0|1|0|0|0.143|0.294|0.143
Bo Naylor|CLE|90|2|4|7|0|21|6|12|84|0|0|2|0|0.143|0.2|0.238
Jared Oliva|SFG|7|0|1|0|1|1|0|1|7|0|0|0|0|0.143|0.143|0.143
Ryan Ritter|COL|7|0|1|0|0|3|0|1|7|0|0|0|0|0.143|0.143|0.143
Nick Solak|SDP|10|0|0|1|0|0|1|1|7|1|1|0|0|0.143|0.3|0.143
Pavin Smith|ARI|89|1|5|6|1|18|10|11|78|1|0|1|0|0.141|0.236|0.192
Zack Short|NYM|62|0|4|2|0|19|8|7|50|2|1|2|0|0.14|0.262|0.18
Jahmai Jones|DET|105|2|7|7|0|35|10|13|95|0|0|2|0|0.137|0.219|0.221
Rob Refsnyder|SEA|119|3|8|9|0|32|7|14|105|3|3|0|0|0.133|0.203|0.219
Drew Romo|CHW|120|5|9|11|1|31|12|14|105|1|1|4|0|0.133|0.227|0.314
Hayden Senger|NYM|17|1|2|2|0|4|0|2|15|0|0|0|0|0.133|0.133|0.333
Leo Rivas|SEA|120|0|9|7|2|36|15|13|99|1|3|2|1|0.131|0.263|0.172
Shay Whitcomb|HOU|24|2|2|5|0|11|1|3|23|0|0|0|0|0.13|0.167|0.391
Ryan Bliss|SEA|10|0|0|1|0|3|1|1|8|1|0|0|0|0.125|0.2|0.125
Nate Eaton|BOS|39|1|3|5|2|12|5|4|32|0|2|2|0|0.125|0.282|0.281
Patrick Wisdom|SEA|44|1|3|4|0|18|3|5|41|0|0|1|0|0.122|0.182|0.22
Jase Bowen|SDP|44|0|5|1|4|17|2|5|42|0|0|1|0|0.119|0.159|0.143
Rece Hinds|MIA|38|0|2|5|0|19|1|4|35|1|1|3|0|0.114|0.158|0.2
Jeimer Candelario|LAA|20|0|3|0|0|8|1|2|18|0|1|2|0|0.111|0.2|0.222
Rafael Marchán|PHI|89|2|5|6|0|14|2|9|85|0|2|0|0|0.106|0.146|0.176
Christian Koss|SFG|20|0|1|0|0|2|0|2|19|0|1|1|0|0.105|0.15|0.158
Carson Williams|TBR|33|0|6|3|0|11|2|3|30|0|0|1|0|0.1|0.156|0.133
Cooper Ingle|CLE|24|0|1|2|0|12|3|2|21|0|0|0|0|0.095|0.208|0.095
Vidal Bruján|NYM|13|0|4|1|0|1|1|1|11|0|0|0|0|0.091|0.167|0.091
Oliver Dunn|TBR|12|0|4|1|0|3|1|1|11|0|0|0|0|0.091|0.167|0.091
Sandy León|ATL|44|0|0|0|0|18|0|4|44|0|0|0|0|0.091|0.091|0.091
Will Brennan|SFG|23|0|0|0|0|3|0|2|23|0|0|0|0|0.087|0.087|0.087
Andy Ibáñez|NYM|26|0|1|5|0|3|1|2|23|2|0|0|0|0.087|0.115|0.087
Greg Jones|MIL|24|0|0|1|1|10|0|2|23|0|0|0|0|0.087|0.087|0.087
Chuckie Robinson|LAD|26|0|1|1|0|5|0|2|23|0|0|0|0|0.087|0.087|0.087
Carlos Santana|ARI|26|0|1|0|0|8|2|2|24|0|0|1|0|0.083|0.154|0.125
Otto Kemp|PHI|27|0|0|0|0|10|1|2|25|0|1|0|0|0.08|0.148|0.08
Austin Wynns|ATL|57|0|3|0|0|14|3|4|53|0|0|0|0|0.075|0.125|0.075
Buddy Kennedy|SEA|16|0|2|0|0|5|2|1|14|0|0|1|0|0.071|0.188|0.143
Sean Murphy|ATL|14|0|1|0|0|6|0|1|14|0|0|0|0|0.071|0.071|0.071
Ha-Seong Kim|ATL|82|0|4|3|1|22|9|5|73|0|0|0|0|0.068|0.171|0.068
César Salazar|HOU|22|0|0|1|0|3|3|1|18|0|1|0|0|0.056|0.227|0.056
Addison Barger|TOR|28|0|2|2|0|7|5|1|22|1|0|1|0|0.045|0.214|0.091
Chad Stevens|COL|34|0|1|3|0|13|5|1|28|1|0|0|0|0.036|0.176|0.036
Eliezer Alfonzo|LAD|9|0|0|0|0|0|0|0|9|0|0|0|0|0.0|0.0|0.0
Jack Brannigan|PIT|1|0|0|0|0|1|0|0|1|0|0|0|0|0.0|0.0|0.0
Oswaldo Cabrera|NYY|11|0|0|0|0|4|0|0|9|0|0|0|0|0.0|0.0|0.0
Dylan Carlson|CHC|4|0|1|0|0|2|0|0|4|0|0|0|0|0.0|0.0|0.0
Trei Cruz|DET|5|0|0|0|0|3|0|0|5|0|0|0|0|0.0|0.0|0.0
Kyler Fedko|MIN|19|0|1|1|0|8|2|0|16|1|0|0|0|0.0|0.105|0.0
Maverick Handley|BAL|1|0|0|0|0|1|0|0|1|0|0|0|0|0.0|0.0|0.0
Brett Harris|BOS|9|0|0|0|0|2|1|0|6|0|2|0|0|0.0|0.333|0.0
Blake Hunt|SDP|3|0|0|0|0|3|0|0|3|0|0|0|0|0.0|0.0|0.0
Ivan Johnson|CIN|6|0|0|0|0|1|1|0|5|0|0|0|0|0.0|0.167|0.0
Grant McCray|SFG|1|0|2|0|2|0|0|0|1|0|0|0|0|0.0|0.0|0.0
Dylan Moore|PHI|15|0|3|0|1|6|3|0|12|0|0|0|0|0.0|0.2|0.0
Nick Morabito|NYM|12|0|0|0|0|9|0|0|11|0|1|0|0|0.0|0.083|0.0
Tommy Pham|NYM|14|0|1|0|0|7|1|0|13|0|0|0|0|0.0|0.071|0.0
César Prieto|STL|17|0|0|0|0|2|0|0|17|0|0|0|0|0.0|0.0|0.0
Jeferson Quero|MIL|2|0|0|0|0|0|1|0|1|0|0|0|0|0.0|0.5|0.0
Johnathan Rodríguez|BAL|11|0|0|1|0|4|3|0|7|1|0|0|0|0.0|0.273|0.0
Michael Siani|BAL|1|0|0|0|0|0|0|0|1|0|0|0|0|0.0|0.0|0.0
Davis Wendzel|PIT|4|0|0|0|0|0|0|0|4|0|0|0|0|0.0|0.0|0.0
Luke Williams|ATL|1|0|0|0|0|0|1|0|0|0|0|0|0|0.0|1.0|0.0
