name|team|pa|hr|r|rbi|sb|so|bb|h|ab|sf|hbp|x2b|x3b|avg|obp|slg
Enrique Hernández|LAD|4|1|2|2|0|0|0|4|4|0|0|2|0|1.0|1.0|2.25
Victor Mederos|ATL|1|0|0|2|0|0|0|1|1|0|0|0|0|1.0|1.0|1.0
Jair Camargo|ATL|2|0|1|0|0|1|0|1|2|0|0|1|0|0.5|0.5|1.0
Bryan De La Cruz|PHI|3|1|1|1|0|1|1|1|2|0|0|0|0|0.5|0.667|2.0
Gabriel Gonzalez|MIN|4|0|1|0|0|0|2|1|2|0|0|0|0|0.5|0.75|0.5
Abimelec Ortiz|WSH|2|0|0|0|0|0|0|1|2|0|0|1|0|0.5|0.5|1.0
Joshua Kuroda-Grauer|ATH|62|1|8|4|0|7|1|25|60|0|1|7|0|0.417|0.435|0.583
Eduardo Valencia|DET|13|2|3|3|0|4|0|5|12|0|1|0|0|0.417|0.462|0.917
Christian Encarnacion-Strand|BAL|22|3|3|8|0|4|1|8|20|0|0|1|0|0.4|0.429|0.9
Michael Stefanic|ATH|5|0|1|0|0|1|0|2|5|0|0|0|0|0.4|0.4|0.4
Brewer Hicklen|ATL|21|0|5|3|0|7|3|7|18|0|0|4|0|0.389|0.476|0.611
Tyler Locklear|ARI|19|1|4|5|1|3|3|6|16|0|0|1|0|0.375|0.474|0.625
José Azócar|ATL|18|0|2|0|1|4|1|6|17|0|0|2|0|0.353|0.389|0.471
Tommy White|ATH|25|0|2|0|0|0|2|8|23|0|0|2|0|0.348|0.4|0.435
Tommy Edman|LAD|105|2|16|17|2|20|8|31|91|0|4|5|2|0.341|0.417|0.505
Tyler Black|MIL|28|0|2|7|0|7|1|9|27|0|0|4|0|0.333|0.357|0.481
Justin Dean|CHC|8|0|3|3|0|3|2|2|6|0|0|0|1|0.333|0.5|0.667
Omar Martinez|LAA|3|0|0|0|0|1|0|1|3|0|0|0|0|0.333|0.333|0.333
Otto Lopez|MIA|433|9|62|46|19|60|22|132|400|7|4|27|6|0.33|0.365|0.495
Samad Taylor|SDP|102|1|14|11|6|30|12|29|88|0|0|1|1|0.33|0.41|0.398
Yordan Alvarez|HOU|451|34|71|77|1|77|67|123|376|3|5|20|0|0.327|0.432|0.652
Luis Arraez|SFG|429|4|48|37|8|18|25|125|386|9|3|22|7|0.324|0.362|0.448
Alex Jackson|MIN|62|1|9|5|0|17|1|19|59|0|2|4|0|0.322|0.355|0.441
Tyler Tolbert|KCR|72|2|18|5|12|11|4|20|63|1|0|1|0|0.317|0.353|0.429
Jordan Lawlar|ARI|44|1|6|4|4|10|3|12|38|0|3|2|0|0.316|0.409|0.447
Nicky Lopez|TEX|150|1|15|15|4|21|4|43|137|0|2|3|0|0.314|0.343|0.358
Blaze Alexander|BAL|246|4|31|29|9|54|16|69|221|1|4|12|2|0.312|0.368|0.439
Gabriel Moreno|ARI|312|7|42|37|4|47|37|83|266|6|3|16|0|0.312|0.394|0.451
Nick Gonzales|PIT|404|6|58|47|4|72|28|115|369|1|6|17|1|0.312|0.369|0.412
Andrew Vaughn|MIL|189|3|22|26|0|23|21|51|165|1|2|15|2|0.309|0.392|0.479
Trey Mancini|LAA|14|0|1|4|0|3|0|4|13|1|0|0|1|0.308|0.286|0.462
Jeremy Peña|HOU|241|9|43|28|8|39|17|67|218|2|4|9|0|0.307|0.365|0.472
Jake Mangum|PIT|280|2|35|21|19|47|14|78|256|1|6|10|1|0.305|0.354|0.375
Yandy Díaz|TBR|437|14|56|61|2|61|40|117|385|3|9|17|1|0.304|0.38|0.462
Jake McCarthy|COL|339|10|45|56|17|61|18|94|310|3|4|21|7|0.303|0.346|0.513
Donovan Walton|ATH|117|3|19|12|0|22|12|31|103|0|1|9|1|0.301|0.379|0.495
TJ Rumfield|COL|411|13|45|53|0|58|43|108|359|2|7|22|2|0.301|0.384|0.482
Michael Harris II|ATL|390|19|52|61|6|77|15|111|370|3|2|20|0|0.3|0.328|0.508
Wade Meckler|LAA|152|2|19|17|3|34|15|41|137|0|0|8|0|0.299|0.368|0.401
Jung Hoo Lee|SFG|380|5|50|34|6|37|15|107|358|3|4|21|4|0.299|0.332|0.422
Trevor Larnach|MIN|312|8|47|38|2|54|36|80|272|0|3|19|1|0.294|0.383|0.46
Brandon Lockridge|MIL|96|0|9|12|5|25|10|25|85|0|0|4|0|0.294|0.368|0.341
Freddie Freeman|LAD|438|15|56|51|5|73|50|112|381|4|3|26|1|0.294|0.377|0.486
Josh Jung|TEX|396|9|46|35|1|71|33|104|354|3|6|23|1|0.294|0.361|0.441
Victor Bericoto|SFG|59|4|7|9|1|15|1|17|58|0|0|3|0|0.293|0.305|0.552
Ernie Clement|TOR|408|8|46|32|3|39|14|114|389|3|2|23|1|0.293|0.319|0.419
Willson Contreras|BOS|393|22|52|66|3|97|38|98|335|3|17|18|2|0.293|0.389|0.555
Xavier Edwards|MIA|438|6|51|37|15|60|52|111|380|5|0|14|6|0.292|0.373|0.408
Troy Johnston|COL|336|3|33|41|4|56|30|86|295|5|5|24|0|0.292|0.361|0.403
Chandler Simpson|TBR|387|0|44|20|26|35|20|104|358|4|0|11|6|0.291|0.325|0.355
Eloy Jiménez|TOR|35|0|2|3|0|7|3|9|31|1|0|0|0|0.29|0.343|0.29
Cole Carrigg|COL|142|4|28|25|3|29|14|35|121|4|2|8|3|0.289|0.362|0.504
Austin Hedges|CLE|155|4|19|17|1|25|13|39|135|2|1|7|0|0.289|0.351|0.43
Brandon Marsh|PHI|389|16|54|47|8|105|20|105|364|3|2|15|2|0.288|0.326|0.473
CJ Abrams|WSH|427|24|63|76|16|92|36|108|375|6|10|20|2|0.288|0.361|0.544
Jordan Walker|STL|430|22|65|77|14|106|35|112|389|3|3|22|0|0.288|0.349|0.514
Nathan Lukes|TOR|241|5|25|18|0|35|13|63|219|1|5|9|0|0.288|0.34|0.397
Jacob Wilson|ATH|269|7|30|32|3|30|11|73|255|1|1|10|1|0.286|0.317|0.416
Junior Caminero|TBR|452|29|65|62|2|83|57|112|392|2|1|16|0|0.286|0.376|0.548
Deyvison De Los Santos|MIA|7|0|0|0|0|3|0|2|7|0|0|1|0|0.286|0.286|0.429
Harry Ford|WSH|16|1|3|4|1|6|1|4|14|0|1|1|0|0.286|0.375|0.571
Jim Jarvis|ATL|60|1|8|8|0|12|2|16|56|0|1|4|1|0.286|0.322|0.446
Ryan Mountcastle|BAL|15|0|0|1|0|2|1|4|14|0|0|1|0|0.286|0.333|0.357
Shohei Ohtani|LAD|438|22|66|61|6|100|62|104|364|5|5|18|2|0.286|0.392|0.527
Tristan Peters|CHW|303|6|38|37|5|54|20|78|273|2|4|21|3|0.286|0.341|0.451
Miguel Rojas|LAD|167|3|16|18|0|16|10|42|147|6|2|9|0|0.286|0.327|0.408
Joey Wiemer|WSH|83|3|16|12|1|29|12|20|70|0|1|5|1|0.286|0.398|0.514
Pete Crow-Armstrong|CHC|450|22|67|56|25|118|53|109|383|2|11|17|5|0.285|0.385|0.527
Chase DeLauter|CLE|368|11|35|50|5|50|35|94|331|2|0|20|1|0.284|0.351|0.45
Pedro Ramírez|CHC|81|1|10|11|2|13|5|21|74|1|0|6|1|0.284|0.325|0.432
Juan Soto|NYM|359|21|46|52|7|48|63|83|293|2|0|8|2|0.283|0.408|0.539
Ryan Jeffers|MIN|181|9|29|32|1|30|26|43|152|1|1|9|1|0.283|0.389|0.533
Fernando Tatis Jr.|SDP|454|8|52|47|25|92|40|114|403|5|5|20|2|0.283|0.351|0.402
Jonathan Aranda|TBR|444|14|49|65|0|102|54|106|375|7|8|17|0|0.283|0.378|0.44
Liam Hicks|MIA|371|14|53|60|2|36|35|91|322|6|7|9|1|0.283|0.359|0.447
Gleyber Torres|DET|207|4|28|18|0|39|33|48|170|2|2|6|0|0.282|0.401|0.388
Riley Greene|DET|432|15|53|51|2|117|53|105|372|5|2|21|1|0.282|0.37|0.465
Nolan Schanuel|LAA|350|6|32|36|1|50|31|88|312|2|5|17|0|0.282|0.354|0.394
Esmerlyn Valdez|PIT|135|13|24|34|0|51|17|33|117|1|0|7|1|0.282|0.37|0.692
Ceddanne Rafaela|BOS|402|10|49|45|13|79|18|106|376|0|6|25|3|0.282|0.325|0.444
Blake Dunn|CIN|155|2|20|7|6|33|10|40|142|1|2|7|1|0.282|0.335|0.387
Wyatt Langford|TEX|220|12|32|28|7|47|13|58|206|0|1|9|2|0.282|0.327|0.519
Sam Antonacci|CHW|335|7|53|30|14|52|24|81|288|1|19|13|2|0.281|0.373|0.413
Kevin McGonigle|DET|443|9|61|35|11|61|63|106|377|0|3|20|3|0.281|0.388|0.422
Nick Fortes|TBR|245|4|28|27|0|30|6|64|228|1|8|12|0|0.281|0.321|0.386
Alec Burleson|STL|433|15|54|69|3|66|34|110|392|3|4|25|1|0.281|0.342|0.464
Spencer Horwitz|PIT|295|10|36|33|1|40|40|69|246|4|5|11|1|0.28|0.386|0.455
Randy Arozarena|SEA|410|11|64|45|19|87|40|98|350|3|17|21|1|0.28|0.378|0.44
Ty France|SDP|265|16|30|43|1|63|13|67|240|3|8|13|2|0.279|0.333|0.55
Bobby Witt Jr.|KCR|414|13|51|39|30|73|41|103|369|3|1|22|1|0.279|0.35|0.45
Carlos Correa|HOU|141|3|22|16|1|26|18|34|122|1|0|8|0|0.279|0.369|0.418
Chase Meidroth|CHW|415|7|57|36|2|98|38|102|367|2|3|18|0|0.278|0.349|0.384
Isiah Kiner-Falefa|BOS|132|2|19|13|7|18|12|33|119|0|0|4|0|0.277|0.344|0.361
Luis Campusano|SDP|99|4|14|12|0|24|15|23|83|0|1|7|0|0.277|0.394|0.506
Ryan O'Hearn|PIT|368|16|51|64|1|85|28|92|332|3|5|13|0|0.277|0.34|0.461
Mickey Moniak|COL|251|16|35|43|1|61|14|64|231|3|3|11|3|0.277|0.323|0.558
Luis García Jr.|WSH|342|21|46|70|4|55|16|90|325|1|0|16|4|0.277|0.31|0.545
Alika Williams|ATH|100|2|13|10|0|28|3|26|94|1|1|9|0|0.277|0.303|0.436
Jackson Chourio|MIL|313|13|49|39|10|78|24|79|286|1|2|17|0|0.276|0.335|0.472
Elly De La Cruz|CIN|372|17|56|46|18|100|38|91|330|2|2|15|4|0.276|0.352|0.5
Michael Massey|KCR|275|7|35|33|2|48|16|70|254|3|0|19|0|0.276|0.315|0.433
Konnor Griffin|PIT|247|5|35|25|20|65|16|62|225|2|4|10|2|0.276|0.332|0.404
Garrett Mitchell|MIL|338|8|45|48|7|109|39|81|295|1|2|22|3|0.275|0.362|0.451
William Contreras|MIL|412|10|49|57|1|56|36|101|368|5|3|14|0|0.274|0.34|0.394
Jesús Sánchez|TOR|234|7|22|29|1|52|10|59|215|4|5|14|0|0.274|0.316|0.437
Brayan Rocchio|CLE|394|9|43|49|15|56|27|97|354|3|7|16|2|0.274|0.335|0.407
Ben Rice|NYY|419|30|66|71|2|101|49|100|365|2|3|17|3|0.274|0.363|0.584
Brendan Donovan|SEA|101|3|9|8|1|15|11|23|84|1|5|4|1|0.274|0.386|0.452
Drake Baldwin|ATL|357|20|58|56|2|76|38|85|311|1|7|6|0|0.273|0.364|0.486
Zack Gelof|ATH|247|11|41|29|8|62|14|62|227|0|4|11|1|0.273|0.327|0.476
Jonatan Clase|TOR|25|2|4|6|0|8|3|6|22|0|0|0|0|0.273|0.36|0.545
Raynel Delgado|HOU|36|1|3|4|0|5|2|9|33|0|0|1|0|0.273|0.314|0.394
Nick Madrigal|LAA|52|0|7|2|1|3|7|12|44|0|1|1|0|0.273|0.385|0.295
Anthony Seigler|BOS|111|3|15|9|2|19|9|27|99|1|1|9|0|0.273|0.336|0.455
Casey Schmitt|SFG|400|21|46|54|9|79|11|103|378|4|7|17|1|0.272|0.303|0.489
Keibert Ruiz|WSH|226|7|32|35|2|27|8|58|213|3|2|19|0|0.272|0.301|0.46
Connor Wong|BOS|149|1|14|15|3|35|15|34|125|1|4|8|0|0.272|0.366|0.36
Dillon Dingler|DET|395|22|54|66|0|85|25|96|353|3|12|22|2|0.272|0.338|0.533
Byron Buxton|MIN|351|25|57|45|7|85|24|87|320|2|5|16|1|0.272|0.33|0.563
Bryan Reynolds|PIT|453|14|71|59|7|109|64|103|379|2|8|24|2|0.272|0.386|0.456
Orlando Arcia|MIN|50|1|6|2|0|8|2|13|48|0|0|1|0|0.271|0.3|0.354
Brandon Nimmo|TEX|413|10|42|39|4|89|32|101|373|2|6|23|4|0.271|0.337|0.434
Javier Sanoja|MIA|271|3|25|35|5|22|14|69|255|1|0|20|2|0.271|0.307|0.4
Justin Foscue|TEX|135|7|15|19|0|34|10|33|122|1|2|7|0|0.27|0.333|0.5
Carlos Cortes|ATH|249|7|22|25|1|34|22|60|222|1|4|12|1|0.27|0.345|0.428
Griffin Conine|MIA|113|7|16|16|2|34|11|27|100|0|2|5|0|0.27|0.354|0.53
Ildemaro Vargas|ARI|323|7|45|49|2|30|18|81|300|1|2|14|3|0.27|0.315|0.407
James Wood|WSH|488|28|94|69|15|143|81|108|400|3|4|25|1|0.27|0.395|0.548
Jhonny Pereda|SEA|68|2|8|4|0|11|4|17|63|0|1|0|0|0.27|0.324|0.365
Jonah Cox|SFG|29|1|5|3|4|15|0|7|26|0|0|1|1|0.269|0.269|0.5
Jose Siri|LAA|104|5|19|18|2|29|6|25|93|1|2|4|0|0.269|0.324|0.473
A.J. Ewing|NYM|255|7|27|25|11|68|24|61|227|1|1|11|1|0.269|0.34|0.419
Matt Olson|ATL|453|27|69|63|2|109|46|108|402|3|2|25|0|0.269|0.344|0.532
Santiago Espinal|LAD|60|1|5|7|0|8|1|15|56|1|0|3|0|0.268|0.276|0.375
Hao-Yu Lee|DET|181|5|15|21|1|45|8|46|172|0|0|8|1|0.267|0.3|0.413
Ezequiel Duran|TEX|353|10|44|51|7|84|26|86|322|3|1|19|2|0.267|0.321|0.432
Jonny DeLuca|TBR|203|6|27|32|10|42|10|51|191|0|0|15|0|0.267|0.303|0.44
Seiya Suzuki|CHC|376|17|54|54|1|96|44|87|326|3|3|16|0|0.267|0.356|0.472
Kyle Farmer|ATL|16|0|2|3|0|4|0|4|15|1|0|1|0|0.267|0.25|0.333
Rafael Flores Jr.|PIT|19|1|2|2|0|2|4|4|15|0|0|1|0|0.267|0.421|0.533
Jose Trevino|CIN|78|3|9|10|0|12|1|20|75|0|0|3|0|0.267|0.276|0.427
Nick Kurtz|ATH|412|20|61|66|7|130|76|89|334|0|2|15|1|0.266|0.405|0.497
Bryce Eldridge|SFG|248|10|32|23|1|63|33|57|214|1|0|14|0|0.266|0.363|0.472
Andy Pages|LAD|443|17|60|67|10|89|37|105|395|5|6|22|2|0.266|0.334|0.461
Yohendrick Piñango|TOR|168|5|12|20|0|41|10|42|158|0|0|8|0|0.266|0.31|0.411
Josh Rojas|KCR|50|1|5|6|0|9|1|13|49|0|0|3|0|0.265|0.28|0.388
Masataka Yoshida|BOS|226|4|27|19|2|25|22|53|200|1|3|11|1|0.265|0.345|0.39
Mauricio Dubón|ATL|407|10|48|54|3|58|26|99|374|1|2|21|2|0.265|0.315|0.412
Brice Turang|MIL|441|15|69|62|15|108|58|100|378|2|0|24|3|0.265|0.361|0.463
Oneil Cruz|PIT|283|14|45|44|21|98|30|66|250|0|3|10|0|0.264|0.35|0.472
Ozzie Albies|ATL|448|16|66|56|1|66|30|106|402|11|5|21|0|0.264|0.315|0.435
Shea Langeliers|ATH|416|23|55|51|2|96|34|99|376|1|5|19|0|0.263|0.332|0.497
Heliot Ramos|SFG|265|9|33|31|0|72|12|66|251|1|1|13|3|0.263|0.298|0.446
Alejandro Osuna|TEX|201|1|23|21|4|28|17|46|175|0|8|4|0|0.263|0.355|0.303
Kyle Karros|COL|347|9|50|36|3|72|44|78|297|2|4|19|2|0.263|0.363|0.431
Dominic Smith|ATL|247|7|35|39|0|35|18|58|221|5|2|6|1|0.262|0.317|0.394
Starling Marte|KCR|136|1|13|9|2|35|8|32|122|2|4|4|0|0.262|0.324|0.32
Max Muncy|LAD|359|20|58|47|1|83|43|82|313|0|3|16|1|0.262|0.357|0.511
Carson Kelly|CHC|271|6|36|35|0|44|31|62|237|0|3|10|0|0.262|0.354|0.38
Vladimir Guerrero Jr.|TOR|420|6|53|42|7|55|44|96|367|5|4|16|0|0.262|0.343|0.354
Maikel Garcia|KCR|294|3|32|30|5|45|24|70|268|2|0|17|2|0.261|0.32|0.373
Isaac Paredes|HOU|415|14|43|54|0|62|40|93|357|4|14|18|1|0.261|0.354|0.434
Endy Rodríguez|PIT|122|5|15|16|2|29|21|26|100|0|0|6|0|0.26|0.388|0.47
Ryan Vilade|TBR|170|8|18|33|3|34|15|39|150|3|1|7|1|0.26|0.325|0.48
Carson Benge|NYM|412|11|52|40|16|91|30|98|377|1|4|13|2|0.26|0.32|0.393
Luke Keaschall|MIN|384|4|51|29|13|59|40|85|327|5|12|14|1|0.26|0.357|0.346
Willi Castro|COL|349|9|44|43|7|95|28|82|316|1|4|15|0|0.259|0.327|0.392
Miguel Andujar|SDP|254|5|24|22|2|38|11|62|239|0|4|20|2|0.259|0.303|0.423
Elias Díaz|TEX|112|4|11|16|0|21|2|28|108|1|0|7|0|0.259|0.27|0.435
Dane Myers|CIN|158|3|19|15|6|40|20|35|135|1|2|7|0|0.259|0.361|0.378
Hunter Goodman|COL|401|31|64|58|5|129|36|93|359|2|4|16|0|0.259|0.332|0.563
Braden Shewmake|MIL|91|3|12|10|1|16|2|22|85|2|0|5|0|0.259|0.27|0.424
Hyeseong Kim|LAD|131|1|16|11|5|31|12|30|116|2|0|3|1|0.259|0.323|0.328
Josh Naylor|SEA|417|8|40|37|21|50|32|98|379|1|4|13|0|0.259|0.322|0.356
Cooper Pratt|MIL|108|1|13|8|7|20|12|24|93|2|1|3|1|0.258|0.343|0.344
JJ Wetherholt|STL|444|15|64|40|10|70|44|99|384|2|14|10|0|0.258|0.354|0.401
Francisco Alvarez|NYM|251|12|23|26|0|67|20|58|225|1|3|7|0|0.258|0.325|0.449
Ketel Marte|ARI|437|18|57|60|4|65|31|103|400|4|2|20|3|0.258|0.311|0.458
Jac Caglianone|KCR|368|16|46|37|3|105|25|87|338|1|4|17|2|0.257|0.315|0.462
Cam Cauley|TEX|40|1|8|1|0|7|4|9|35|0|1|2|1|0.257|0.35|0.457
José Fermín|STL|195|4|18|20|3|27|16|45|175|1|1|9|0|0.257|0.321|0.377
Nick Sogard|BOS|41|0|3|2|0|6|5|9|35|0|0|2|1|0.257|0.35|0.371
Will Wagner|SDP|45|0|5|0|0|7|10|9|35|0|0|1|0|0.257|0.422|0.286
Dominic Canzone|SEA|280|15|34|42|1|59|26|64|249|2|3|14|1|0.257|0.332|0.502
Julio Rodríguez|SEA|402|15|48|43|12|83|30|94|366|2|4|16|0|0.257|0.318|0.423
Cody Bellinger|NYY|430|11|52|52|10|70|55|95|370|5|0|20|3|0.257|0.349|0.416
James McCann|ARI|78|3|7|14|0|21|2|19|74|0|0|3|0|0.257|0.276|0.419
Daniel Susac|SFG|126|0|5|15|2|30|6|29|113|3|2|6|1|0.257|0.298|0.327
Javier Báez|DET|82|2|10|6|1|16|2|20|78|1|1|5|0|0.256|0.28|0.397
Tsung-Che Cheng|BOS|44|0|7|5|0|14|4|10|39|1|0|1|0|0.256|0.318|0.282
Curtis Mead|WSH|322|17|48|48|6|62|37|72|281|0|4|17|1|0.256|0.351|0.505
Cole Young|SEA|412|13|48|48|3|73|26|96|375|3|7|14|1|0.256|0.314|0.403
Wilyer Abreu|BOS|434|15|52|50|6|89|42|98|383|5|2|21|3|0.256|0.329|0.444
Giancarlo Stanton|NYY|96|3|8|14|1|29|6|23|90|0|0|6|0|0.256|0.302|0.422
Jake Bauers|MIL|371|18|57|59|6|100|50|81|317|1|3|15|1|0.256|0.361|0.479
Justin Crawford|PHI|300|2|28|22|13|62|17|71|278|1|2|12|3|0.255|0.302|0.342
Paul Goldschmidt|NYY|282|16|35|43|1|69|19|66|259|1|3|10|1|0.255|0.312|0.486
Jared Young|NYM|176|7|18|19|1|35|13|40|157|1|5|8|0|0.255|0.33|0.439
Vaughn Grissom|LAA|239|6|25|40|0|36|18|54|212|4|4|13|0|0.255|0.319|0.401
Jose Fernandez|ARI|177|3|23|15|7|40|7|42|165|0|1|7|0|0.255|0.289|0.352
Edwin Arroyo|CIN|128|0|12|4|0|26|5|30|118|1|3|3|1|0.254|0.299|0.297
Ryan Waldschmidt|ARI|147|1|14|12|6|51|9|34|134|2|1|10|1|0.254|0.301|0.366
Bryce Harper|PHI|437|21|61|60|5|94|63|93|367|6|1|19|2|0.253|0.359|0.488
Tyler Freeman|COL|265|3|27|23|6|33|11|59|233|0|15|6|1|0.253|0.328|0.326
Bo Bichette|NYM|444|10|51|51|1|82|29|103|407|6|2|15|1|0.253|0.302|0.369
Henry Bolte|ATH|221|3|19|17|11|61|15|49|194|2|8|7|0|0.253|0.329|0.335
Jacob Gonzalez|PIT|114|4|14|22|0|23|8|26|103|0|2|5|0|0.252|0.319|0.417
Jeremiah Jackson|BAL|220|7|24|38|2|44|5|53|210|3|1|10|0|0.252|0.269|0.4
Corbin Carroll|ARI|430|15|59|49|13|98|50|94|373|3|4|20|12|0.252|0.344|0.491
Ronald Acuña Jr.|ATL|236|7|31|22|15|52|35|49|195|2|4|10|1|0.251|0.373|0.421
Ben Williamson|TBR|245|2|29|25|8|47|20|56|223|0|1|10|1|0.251|0.316|0.332
Adley Rutschman|BAL|284|8|30|47|0|40|30|62|247|5|2|19|1|0.251|0.331|0.433
Nasim Nuñez|WSH|333|1|44|30|37|73|34|73|291|1|1|4|3|0.251|0.33|0.296
Sal Stewart|CIN|445|21|54|75|11|94|46|98|391|6|2|23|0|0.251|0.328|0.471
Gabriel Arias|CLE|114|5|12|10|4|49|6|27|108|0|0|2|0|0.25|0.289|0.407
Heriberto Hernández|MIA|258|14|26|38|7|65|24|58|232|1|1|12|1|0.25|0.322|0.491
Colt Keith|DET|292|8|38|24|4|58|15|68|272|2|3|10|2|0.25|0.295|0.39
Scott Kingery|CHC|4|0|2|0|1|0|0|1|4|0|0|0|0|0.25|0.25|0.25
Ben Malgeri|DET|38|0|2|4|0|8|5|8|32|1|0|2|0|0.25|0.342|0.313
Parker Meadows|DET|39|0|3|2|3|10|2|9|36|0|1|1|1|0.25|0.308|0.333
Braden Montgomery|CHW|146|3|21|19|1|28|12|33|132|1|1|10|1|0.25|0.315|0.409
Logan Porter|LAA|6|0|2|0|0|2|2|1|4|0|0|1|0|0.25|0.5|0.5
Brian Serven|ATH|4|0|0|0|0|1|0|1|4|0|0|0|0|0.25|0.25|0.25
Taylor Ward|BAL|473|7|63|27|4|95|80|96|384|3|6|20|0|0.25|0.385|0.357
Pete Alonso|BAL|453|21|63|66|4|113|54|97|389|4|6|20|0|0.249|0.347|0.463
Bryson Stott|PHI|378|7|40|42|17|70|27|86|345|2|2|19|5|0.249|0.306|0.394
Tyler Stephenson|CIN|276|8|21|28|0|68|28|61|245|2|1|13|0|0.249|0.326|0.4
Nick Loftin|KCR|233|4|28|33|1|30|22|50|201|3|5|16|1|0.249|0.333|0.398
Will Smith|LAD|201|6|23|23|0|34|23|43|173|3|2|5|0|0.249|0.338|0.382
Andruw Monasterio|BOS|184|5|20|18|2|40|13|42|169|1|0|15|1|0.249|0.301|0.438
Tyler Soderstrom|ATH|377|16|48|49|1|67|47|81|326|1|3|21|2|0.248|0.347|0.472
Dylan Beavers|BAL|170|2|20|16|4|41|17|37|149|1|2|11|0|0.248|0.331|0.362
Kyle Schwarber|PHI|443|33|60|61|2|154|62|93|375|1|5|11|1|0.248|0.361|0.547
Brooks Lee|MIN|403|15|46|56|7|66|28|92|371|1|2|15|3|0.248|0.303|0.426
Denzer Guzman|LAA|130|4|12|14|1|35|8|30|121|0|0|4|0|0.248|0.295|0.38
Alex Call|LAD|140|1|19|16|1|23|18|29|117|2|3|5|0|0.248|0.357|0.316
Nolan Arenado|ARI|378|14|49|48|3|80|34|83|335|3|6|19|0|0.248|0.325|0.43
Nathaniel Lowe|CIN|244|12|23|31|0|64|26|54|218|0|0|13|0|0.248|0.328|0.472
Steven Kwan|CLE|384|1|42|18|7|37|51|80|323|2|3|12|2|0.248|0.354|0.307
Aaron Judge|NYY|261|17|43|38|5|72|42|53|214|1|2|10|0|0.248|0.375|0.533
Jared Triolo|PIT|234|1|23|19|7|52|18|52|210|0|3|12|0|0.248|0.316|0.319
Luisangel Acuña|CHW|166|1|18|12|15|31|7|38|154|2|1|3|0|0.247|0.28|0.286
Derek Hill|PHI|157|8|23|17|11|57|11|35|142|0|1|3|0|0.246|0.305|0.437
Lars Nootbaar|STL|151|3|18|15|1|33|20|32|130|1|0|6|1|0.246|0.344|0.377
Matt Shaw|CHC|147|4|20|20|4|27|12|32|130|1|3|6|2|0.246|0.322|0.415
Teoscar Hernández|LAD|274|8|41|37|2|76|25|60|244|3|2|10|0|0.246|0.318|0.385
José Tena|WSH|200|5|27|20|3|60|15|45|183|0|2|10|2|0.246|0.31|0.404
Isaac Collins|KCR|343|6|37|34|6|80|40|72|293|2|6|18|1|0.246|0.346|0.375
Josh Bell|MIN|409|13|50|62|1|91|30|92|375|2|2|23|1|0.245|0.303|0.416
Sebastián Rivero|LAA|57|0|5|8|0|12|3|13|53|0|0|2|0|0.245|0.286|0.283
Randal Grichuk|CHW|155|9|23|24|0|37|6|36|147|1|1|10|1|0.245|0.277|0.51
Blaze Jordan|STL|105|1|10|20|0|15|3|24|98|4|0|5|2|0.245|0.257|0.367
Jorbit Vivas|WSH|220|3|23|18|0|29|21|46|188|4|4|8|1|0.245|0.327|0.346
Nico Hoerner|CHC|451|4|40|43|14|37|36|99|405|5|5|23|1|0.244|0.31|0.336
Jesus Rodriguez|SFG|50|2|5|8|1|6|3|11|45|0|1|2|0|0.244|0.306|0.422
Joc Pederson|TEX|309|17|40|36|1|70|36|65|266|3|3|9|2|0.244|0.338|0.485
Rafael Devers|SFG|438|21|53|56|0|122|41|96|393|3|1|26|1|0.244|0.315|0.476
Kyle Isbel|KCR|183|3|16|11|5|41|10|40|164|1|3|7|1|0.244|0.298|0.354
Andrew Benintendi|CHW|311|10|41|52|1|73|27|68|279|4|0|16|2|0.244|0.306|0.423
Daylen Lile|WSH|429|11|52|49|10|78|26|96|394|4|5|22|4|0.244|0.296|0.404
Daulton Varsho|TOR|333|7|36|25|9|65|26|74|304|1|2|17|2|0.243|0.306|0.382
Mickey Gasper|BOS|119|0|11|7|0|21|9|26|107|1|1|5|1|0.243|0.305|0.308
Joe Mack|MIA|194|10|27|30|0|49|12|43|177|0|2|6|0|0.243|0.298|0.446
Miguel Vargas|CHW|440|21|69|61|11|73|58|90|371|4|6|24|1|0.243|0.351|0.482
Christian Yelich|MIL|305|7|44|36|8|83|32|65|268|1|3|16|2|0.243|0.329|0.396
Yohel Pozo|STL|33|0|0|5|0|3|0|8|33|0|0|1|0|0.242|0.242|0.273
Dalton Rushing|LAD|226|11|32|33|0|63|23|48|198|1|4|11|0|0.242|0.332|0.465
Nick Allen|HOU|106|1|14|11|2|23|6|23|95|2|1|3|0|0.242|0.288|0.305
Anthony Volpe|NYY|170|1|18|15|7|39|21|36|149|0|0|6|1|0.242|0.335|0.315
Trea Turner|PHI|446|14|69|40|17|101|28|100|414|2|2|18|0|0.242|0.291|0.386
José Caballero|NYY|317|10|36|37|23|73|17|70|290|3|5|11|0|0.241|0.292|0.383
Rikuu Nishida|CHW|30|0|3|2|0|5|0|7|29|0|0|0|0|0.241|0.241|0.241
Jo Adell|LAA|427|15|45|57|3|94|13|96|398|2|14|15|1|0.241|0.288|0.397
Samuel Basallo|BAL|311|16|34|46|0|82|26|68|282|2|1|9|1|0.241|0.305|0.45
Austin Martin|MIN|292|2|35|20|10|55|40|59|245|2|5|13|0|0.241|0.356|0.318
Michael Busch|CHC|457|13|46|54|2|107|65|91|378|4|10|17|2|0.241|0.363|0.399
Brandon Lowe|PIT|427|21|61|65|1|116|40|91|378|7|2|21|1|0.241|0.311|0.468
Victor Robles|SEA|117|0|10|5|7|19|5|26|108|1|2|3|0|0.241|0.284|0.269
Esteury Ruiz|MIA|130|5|25|10|22|38|15|26|108|1|5|8|1|0.241|0.357|0.472
Jorge Mateo|ATL|137|4|28|11|9|41|8|31|129|0|0|6|0|0.24|0.285|0.38
Kyle Tucker|LAD|405|8|55|50|6|79|49|84|350|4|2|18|2|0.24|0.333|0.371
Oswald Peraza|LAA|290|7|27|24|12|86|11|65|271|1|6|11|2|0.24|0.284|0.373
Jake Burger|TEX|402|18|43|64|2|105|30|88|367|2|3|15|0|0.24|0.301|0.428
Spencer Steer|CIN|382|16|54|40|3|84|35|81|338|2|6|14|0|0.24|0.32|0.423
Kody Clemens|MIN|361|18|47|48|7|84|22|79|330|2|5|19|3|0.239|0.295|0.479
Iván Herrera|STL|455|11|63|41|6|78|51|90|376|3|25|14|1|0.239|0.365|0.37
José Ramírez|CLE|324|10|43|35|24|44|43|66|276|3|1|18|0|0.239|0.341|0.413
Kahlil Watson|CLE|91|1|6|11|9|32|3|21|88|0|0|6|0|0.239|0.264|0.341
Owen Caissie|MIA|246|12|30|50|4|96|18|52|218|7|3|12|0|0.239|0.297|0.459
Travis Bazzana|CLE|318|9|34|33|15|69|38|65|273|3|4|14|2|0.238|0.336|0.403
Zach Neto|LAA|453|19|70|46|13|143|46|95|399|1|7|21|3|0.238|0.327|0.449
Jose Altuve|HOU|343|12|48|30|2|74|29|74|311|1|1|14|1|0.238|0.304|0.405
Jonah Heim|ATH|203|9|21|32|0|39|13|44|185|3|2|10|0|0.238|0.291|0.438
Yainer Diaz|HOU|191|6|20|23|0|30|7|43|181|2|1|9|0|0.238|0.267|0.387
Carter Jensen|KCR|382|14|44|52|1|110|35|81|341|5|1|23|0|0.238|0.306|0.428
Darell Hernaiz|ATH|134|1|12|7|3|23|13|28|118|0|1|3|0|0.237|0.318|0.288
Michael Conforto|CHC|173|9|21|24|1|52|20|36|152|1|0|10|0|0.237|0.324|0.48
Alex Bregman|CHC|462|10|50|44|2|74|52|94|397|5|8|15|1|0.237|0.333|0.355
David Hamilton|MIL|241|3|31|15|18|55|22|49|207|0|1|6|2|0.237|0.313|0.329
Jeff McNeil|ATH|310|4|28|31|2|36|23|66|279|3|4|11|0|0.237|0.301|0.319
JJ Bleday|CIN|313|17|39|44|5|65|41|63|267|2|2|11|1|0.236|0.34|0.476
Sal Frelick|MIL|313|4|33|34|6|31|25|65|276|3|2|14|0|0.236|0.301|0.33
Cody Freeman|TEX|18|0|1|0|0|5|1|4|17|0|0|0|0|0.235|0.278|0.235
Joey Ortiz|MIL|266|5|29|28|8|48|25|55|234|3|0|9|1|0.235|0.305|0.346
Caleb Durbin|BOS|350|10|44|44|11|48|23|74|315|2|7|18|1|0.235|0.3|0.394
Angel Martínez|CLE|247|11|28|33|9|53|7|54|230|1|5|11|1|0.235|0.272|0.435
Masyn Winn|STL|388|4|39|42|8|75|34|80|341|6|7|12|2|0.235|0.312|0.317
Matt Chapman|SFG|352|7|35|42|0|81|37|72|307|3|5|18|1|0.235|0.324|0.368
Leody Taveras|BAL|310|4|38|37|10|78|31|63|269|1|1|10|5|0.234|0.315|0.353
Geraldo Perdomo|ARI|429|7|48|36|17|52|65|82|351|5|4|14|3|0.234|0.355|0.35
Christian Walker|HOU|419|20|51|61|0|98|33|88|377|1|8|20|1|0.233|0.308|0.451
Drew Gilbert|SFG|239|4|23|21|0|39|20|49|210|1|6|10|2|0.233|0.316|0.357
Lane Thomas|KCR|303|9|29|36|6|71|37|61|262|2|2|16|0|0.233|0.33|0.397
Mike Trout|LAA|384|18|59|40|8|96|73|71|305|1|5|14|0|0.233|0.388|0.456
Jasson Domínguez|NYY|168|5|16|12|6|34|7|37|159|0|1|10|0|0.233|0.269|0.39
Tyler Callihan|PIT|97|3|13|15|1|33|9|20|86|1|1|4|2|0.233|0.309|0.43
Dustin Harris|HOU|52|0|6|5|4|7|6|10|43|1|1|1|1|0.233|0.333|0.302
Austin Hays|CHW|44|1|3|7|0|13|1|10|43|0|0|1|0|0.233|0.25|0.326
Richie Palacios|TBR|247|4|30|30|9|45|28|50|215|1|3|8|2|0.233|0.328|0.344
Brandon Valenzuela|TOR|195|8|20|21|1|50|21|40|172|1|0|6|0|0.233|0.314|0.407
Tristan Gray|MIN|182|4|16|29|2|57|9|39|168|3|1|5|0|0.232|0.271|0.333
Alex Freeland|LAD|222|3|24|19|2|67|22|45|194|2|1|7|0|0.232|0.311|0.314
Mookie Betts|LAD|288|13|40|34|1|35|23|61|263|1|1|10|0|0.232|0.295|0.418
Miguel Amaya|CHC|165|3|26|15|0|39|18|32|138|0|7|8|0|0.232|0.35|0.355
Everson Pereira|CHW|77|3|7|7|1|23|5|16|69|1|2|4|0|0.232|0.299|0.42
Sterlin Thompson|COL|77|2|7|10|0|21|5|16|69|0|3|4|0|0.232|0.312|0.377
Weston Wilson|SEA|77|3|10|10|4|22|7|16|69|0|1|2|0|0.232|0.312|0.391
Jake Fraley|TBR|90|2|6|5|3|25|8|19|82|0|0|7|0|0.232|0.3|0.39
Taylor Trammell|HOU|133|3|15|12|3|44|9|28|121|0|2|5|1|0.231|0.295|0.364
Moisés Ballesteros|CHC|175|6|16|23|1|36|17|36|156|2|0|6|0|0.231|0.303|0.385
Drew Cavanaugh|SFG|48|0|2|2|0|13|7|9|39|0|0|0|0|0.231|0.348|0.231
Zach Dezenzo|HOU|72|1|11|3|1|27|7|15|65|0|0|4|0|0.231|0.306|0.338
P.J. Higgins|CIN|32|0|1|4|0|8|2|6|26|1|0|1|0|0.231|0.276|0.269
Munetaka Murakami|CHW|290|20|50|42|1|96|54|54|234|1|1|8|0|0.231|0.376|0.521
Luis Rengifo|SDP|234|2|25|26|3|30|21|48|208|2|1|9|0|0.231|0.302|0.303
Amed Rosario|NYY|170|9|20|27|1|42|11|36|156|3|0|4|1|0.231|0.276|0.442
Austin Slater|TBR|74|0|6|3|4|21|8|15|65|1|0|3|0|0.231|0.311|0.277
Victor Caratini|MIN|286|7|23|36|0|56|26|56|243|8|9|9|0|0.23|0.318|0.354
Agustín Ramírez|MIA|129|2|14|14|3|28|13|26|113|1|2|5|1|0.23|0.318|0.345
Tim Tawa|ARI|130|4|12|20|2|29|11|26|113|2|0|7|0|0.23|0.294|0.398
Josh Smith|TEX|138|1|8|8|2|26|14|28|122|1|1|3|1|0.23|0.312|0.295
Roman Anthony|BOS|130|1|12|5|2|33|20|25|109|0|1|5|1|0.229|0.354|0.321
Luke Raley|SEA|276|15|27|39|1|89|13|58|253|1|7|9|1|0.229|0.285|0.451
Hunter Feduccia|TBR|149|2|14|11|0|42|14|30|131|1|1|6|1|0.229|0.306|0.336
Kyle Stowers|MIA|336|12|36|43|1|110|30|68|297|2|6|17|3|0.229|0.31|0.428
Ryan Kreidler|MIN|166|5|21|24|0|35|12|35|153|0|1|4|2|0.229|0.289|0.379
Tyrone Taylor|NYM|138|7|16|18|0|25|7|29|127|0|0|7|0|0.228|0.269|0.449
Max Schuemann|NYY|71|2|17|6|3|17|11|13|57|0|3|5|0|0.228|0.38|0.421
Luis Torrens|NYM|188|2|22|19|0|38|11|39|171|0|4|11|0|0.228|0.29|0.327
Jacob Young|WSH|309|9|37|33|11|57|17|65|285|0|5|12|2|0.228|0.283|0.379
Nathan Church|STL|277|8|32|29|5|57|14|59|259|2|2|9|1|0.228|0.271|0.363
Francisco Lindor|NYM|201|6|24|16|2|35|19|41|180|0|2|5|3|0.228|0.308|0.389
Vinnie Pasquantino|KCR|329|6|33|33|4|59|37|65|286|4|2|11|2|0.227|0.316|0.343
Brady House|WSH|177|7|22|25|1|50|13|37|163|1|0|7|0|0.227|0.282|0.399
Kazuma Okamoto|TOR|412|23|51|65|0|128|38|83|366|2|6|13|0|0.227|0.308|0.451
George Springer|TOR|322|10|34|27|7|61|32|64|283|1|3|13|1|0.226|0.31|0.385
Mike Yastrzemski|ATL|271|6|34|28|1|65|27|54|239|1|4|11|1|0.226|0.314|0.356
Jazz Chisholm Jr.|NYY|383|16|51|43|27|113|37|77|342|3|1|13|2|0.225|0.3|0.415
Ali Sánchez|NYY|44|0|2|4|0|11|1|9|40|1|2|2|0|0.225|0.273|0.275
Willy Adames|SFG|412|18|50|45|2|119|27|86|383|1|1|22|1|0.225|0.277|0.428
Joey Bart|ATL|109|4|13|13|0|30|5|22|98|1|5|4|0|0.224|0.294|0.388
Victor Mesa Jr.|TBR|123|8|16|17|4|29|14|24|107|1|0|2|0|0.224|0.311|0.467
J.T. Realmuto|PHI|280|7|28|34|3|58|20|56|250|2|8|12|0|0.224|0.3|0.356
Andrés Giménez|TOR|329|7|25|39|11|63|11|68|304|4|8|15|1|0.224|0.266|0.349
Spencer Jones|NYY|86|2|6|7|1|35|10|17|76|0|0|4|0|0.224|0.314|0.355
Taylor Walls|TBR|290|0|38|21|15|73|32|55|246|3|2|14|2|0.224|0.314|0.297
Tommy Troy|ARI|134|4|22|9|1|31|13|27|121|0|0|3|1|0.223|0.299|0.364
Gunnar Henderson|BAL|472|17|60|44|8|108|36|95|426|2|8|19|3|0.223|0.294|0.401
Brett Baty|NYM|343|6|38|33|5|92|30|68|305|4|3|13|1|0.223|0.295|0.331
Max Muncy|ATH|178|5|24|20|3|61|14|35|157|3|4|7|2|0.223|0.298|0.389
Alec Bohm|PHI|403|13|33|53|1|60|25|82|368|4|6|15|0|0.223|0.28|0.37
Ian Happ|CHC|427|18|64|45|4|132|56|81|364|1|6|18|2|0.223|0.335|0.431
Luis Lara|MIL|32|0|2|2|1|5|5|6|27|0|0|1|0|0.222|0.344|0.259
John Rave|KCR|21|1|3|1|0|7|3|4|18|0|0|2|1|0.222|0.333|0.611
Chadwick Tromp|BAL|38|0|2|4|0|9|0|8|36|1|0|1|0|0.222|0.216|0.25
Luis Urías|TOR|39|2|3|3|0|7|3|8|36|0|0|1|0|0.222|0.282|0.417
Jackson Merrill|SDP|425|14|47|45|20|105|29|87|392|0|1|15|1|0.222|0.277|0.372
Trent Grisham|NYY|332|11|50|41|7|54|45|63|284|3|0|14|2|0.222|0.325|0.401
Brett Sullivan|COL|142|4|13|15|0|25|7|29|131|2|1|8|1|0.221|0.262|0.389
Sung-Mun Song|SDP|111|1|16|15|11|19|14|21|95|0|0|4|0|0.221|0.321|0.295
Max Kepler|ARI|66|2|7|12|0|13|5|13|59|2|0|4|0|0.22|0.273|0.39
Alejandro Kirk|TOR|123|3|9|12|0|16|13|24|109|1|0|4|0|0.22|0.301|0.339
Marcelo Mayer|BOS|228|3|19|22|3|44|16|45|205|3|3|10|0|0.22|0.282|0.312
Kameron Misner|KCR|44|0|2|4|3|17|2|9|41|0|0|1|0|0.22|0.256|0.244
Dylan Crews|WSH|217|8|30|23|6|48|14|43|196|0|7|6|0|0.219|0.295|0.372
Austin Riley|ATL|418|12|43|49|6|123|33|82|374|2|9|13|1|0.219|0.297|0.356
Jackson Holliday|BAL|164|5|19|16|4|42|24|30|137|3|0|3|1|0.219|0.329|0.365
Kyle Higashioka|TEX|186|7|20|18|0|47|19|36|165|0|2|4|0|0.218|0.306|0.37
Ryan Ward|LAD|60|3|8|12|0|17|5|12|55|0|0|4|0|0.218|0.283|0.455
Xander Bogaerts|SDP|397|9|42|38|14|73|47|75|344|3|3|9|0|0.218|0.315|0.323
Gary Sánchez|MIL|185|8|26|25|0|33|35|32|147|1|2|5|1|0.218|0.373|0.429
Colson Montgomery|CHW|407|24|48|58|1|130|34|79|363|1|9|17|0|0.218|0.3|0.463
Andrés Chaparro|WSH|82|4|14|18|0|19|12|15|69|0|1|4|0|0.217|0.341|0.449
Edmundo Sosa|PHI|176|5|17|25|3|35|5|35|161|3|4|5|1|0.217|0.254|0.354
George Valera|CLE|38|0|1|6|0|8|1|8|37|0|0|3|0|0.216|0.237|0.297
Myles Straw|TOR|181|3|27|16|4|24|14|35|162|3|0|6|0|0.216|0.274|0.309
Joey Loperfido|HOU|120|1|13|12|1|31|14|22|102|1|1|7|1|0.216|0.314|0.333
Nelson Velázquez|STL|74|4|10|12|0|23|7|14|65|1|1|3|0|0.215|0.297|0.446
Edouard Julien|COL|259|3|34|20|5|67|35|48|223|0|1|8|1|0.215|0.324|0.3
Christian Vázquez|HOU|205|5|18|23|1|37|14|40|186|1|0|7|0|0.215|0.269|0.333
J.P. Crawford|SEA|349|10|38|28|1|70|50|63|293|1|5|10|0|0.215|0.338|0.352
Gavin Sheets|SDP|347|14|39|41|4|74|40|65|303|0|4|15|0|0.215|0.314|0.403
Ryan McMahon|NYY|244|9|25|26|3|76|18|48|224|0|1|10|0|0.214|0.276|0.379
Tanner Murray|CHW|33|1|2|3|0|7|2|6|28|1|1|0|0|0.214|0.281|0.321
Tyler O'Neill|BAL|189|6|24|16|1|53|19|36|168|0|2|8|0|0.214|0.302|0.369
Luis Robert Jr.|NYM|111|4|12|10|2|22|13|21|98|0|0|3|0|0.214|0.306|0.367
Alan Roden|MIN|33|0|3|5|0|4|4|6|28|1|0|0|0|0.214|0.303|0.214
Bryan Torres|STL|77|4|10|10|1|16|6|15|70|0|0|0|2|0.214|0.276|0.443
Eli White|ATL|137|5|17|17|4|31|9|27|126|1|1|5|1|0.214|0.27|0.389
Jarred Kelenic|TEX|69|1|5|4|0|25|8|13|61|0|0|2|0|0.213|0.304|0.295
Kyle Manzardo|CLE|331|11|36|32|0|105|33|62|291|2|5|9|1|0.213|0.302|0.364
Dansby Swanson|CHC|383|16|63|59|14|88|39|72|338|4|1|12|3|0.213|0.293|0.408
Eugenio Suárez|CIN|291|14|27|39|0|102|25|56|263|1|2|11|0|0.213|0.285|0.414
Bryce Teodosio|LAA|51|0|5|2|4|18|3|10|47|0|0|2|0|0.213|0.26|0.255
Leo Jiménez|MIA|137|2|14|9|1|26|12|25|118|1|6|4|0|0.212|0.314|0.297
Royce Lewis|MIN|286|10|33|30|9|73|30|53|251|3|2|12|0|0.211|0.297|0.378
Mark Vientos|NYM|254|11|25|35|0|61|12|50|237|2|3|9|0|0.211|0.256|0.388
Logan O'Hoppe|LAA|245|4|20|23|0|60|17|47|223|1|3|8|0|0.211|0.275|0.3
Cam Smith|HOU|380|13|40|36|10|91|33|71|338|4|4|13|1|0.21|0.285|0.37
Adam Frazier|LAA|93|1|15|6|0|28|9|17|81|0|1|5|1|0.21|0.297|0.333
Salvador Perez|KCR|408|14|37|43|0|85|16|79|377|5|10|15|0|0.21|0.257|0.361
Billy Cook|PIT|43|0|10|2|5|17|0|9|43|0|0|1|1|0.209|0.209|0.279
Lucas Spence|HOU|27|0|2|1|0|9|2|5|24|0|1|1|0|0.208|0.296|0.25
Pedro Pagés|STL|163|4|13|11|2|43|6|31|149|2|2|6|0|0.208|0.245|0.329
Kerry Carpenter|DET|254|13|27|36|0|74|18|47|226|3|5|5|2|0.208|0.278|0.42
Manny Machado|SDP|427|22|52|60|2|94|49|77|371|6|0|16|0|0.208|0.296|0.429
Brenton Doyle|COL|122|1|21|4|9|40|11|23|111|0|0|4|0|0.207|0.279|0.27
Marcus Semien|NYM|338|10|31|30|6|75|24|64|309|3|1|8|1|0.207|0.264|0.337
Lourdes Gurriel Jr.|ARI|189|2|12|21|1|34|10|36|174|3|2|8|0|0.207|0.254|0.287
Josh Lowe|LAA|199|8|17|22|3|54|11|38|184|1|1|4|0|0.207|0.254|0.359
Daniel Schneemann|CLE|276|6|28|28|6|81|24|52|252|0|0|11|0|0.206|0.275|0.321
Matt Vierling|DET|281|5|23|30|4|47|19|53|257|4|0|12|2|0.206|0.257|0.327
Trevor Story|BOS|176|3|16|19|4|57|8|34|165|2|1|7|0|0.206|0.244|0.303
Jake Meyers|HOU|148|3|14|11|1|30|10|28|136|1|1|6|0|0.206|0.264|0.316
Colton Cowser|BAL|251|8|28|27|7|74|33|44|214|2|1|3|0|0.206|0.312|0.332
Connor Norby|MIA|233|4|17|16|6|70|24|41|200|1|8|12|0|0.205|0.313|0.325
Jorge Soler|LAA|335|11|35|45|0|111|32|60|293|4|6|14|1|0.205|0.293|0.372
Spencer Torkelson|DET|403|19|43|50|0|133|43|72|352|2|5|18|0|0.205|0.299|0.418
Cedric Mullins|TBR|347|12|38|31|16|72|29|62|304|2|6|6|2|0.204|0.284|0.355
Colby Thomas|ATH|109|4|11|11|1|32|4|21|103|0|1|3|0|0.204|0.241|0.35
Adrian Del Castillo|ARI|177|5|17|24|1|52|13|33|162|1|0|6|0|0.204|0.261|0.333
Romy Gonzalez|BOS|60|1|6|7|1|18|4|11|54|0|2|3|1|0.204|0.283|0.352
Jake Cronenworth|SDP|192|3|20|12|4|42|20|34|167|0|4|5|0|0.204|0.304|0.287
Ramón Laureano|SDP|206|7|23|21|7|65|20|37|182|2|2|6|2|0.203|0.286|0.374
Marcell Ozuna|PIT|266|8|21|28|0|80|27|48|237|0|2|6|0|0.203|0.289|0.329
Patrick Bailey|CLE|216|5|20|19|2|54|15|40|198|1|0|5|1|0.202|0.257|0.313
Kevin Alcántara|CHC|21|0|3|3|0|9|1|4|20|0|0|0|0|0.2|0.238|0.2
Luken Baker|ARI|5|0|0|0|0|3|0|1|5|0|0|0|0|0.2|0.2|0.2
Jhostynxon Garcia|PIT|37|0|2|2|0|10|1|7|35|0|1|1|0|0.2|0.243|0.229
Luke Maile|KCR|11|1|2|3|0|3|1|2|10|0|0|0|0|0.2|0.273|0.5
Luis Matos|MIL|21|0|1|0|0|7|1|4|20|0|0|0|0|0.2|0.238|0.2
Christian Moore|LAA|22|0|0|1|0|11|1|4|20|1|0|0|0|0.2|0.227|0.2
Brent Rooker|ATH|203|10|20|29|2|65|19|36|180|2|2|4|0|0.2|0.281|0.389
Rowdy Tellez|ATL|11|1|2|4|0|3|1|2|10|0|0|0|0|0.2|0.273|0.5
Will Wilson|SEA|6|1|1|2|0|1|1|1|5|0|0|0|0|0.2|0.333|0.8
Travis d'Arnaud|LAA|40|1|5|3|0|7|3|7|35|0|2|1|0|0.2|0.3|0.314
Lawrence Butler|ATH|298|5|34|25|6|79|35|52|261|1|1|9|1|0.199|0.295|0.299
Zach McKinstry|DET|272|4|21|20|1|46|26|48|241|2|0|8|2|0.199|0.275|0.299
Petey Halpin|CLE|92|2|13|5|5|22|2|17|86|1|0|3|1|0.198|0.213|0.326
Colt Emerson|SEA|186|7|20|21|3|62|14|33|167|2|2|6|1|0.198|0.265|0.371
Carlos Narváez|BOS|182|3|17|9|1|58|12|32|162|2|3|6|0|0.198|0.263|0.29
Nick Yorke|PIT|86|1|6|6|0|17|7|15|76|1|2|3|0|0.197|0.279|0.276
Brice Matthews|HOU|226|7|23|22|4|71|15|41|208|1|0|5|1|0.197|0.25|0.332
Coby Mayo|BAL|262|13|33|35|2|88|19|47|239|1|3|10|0|0.197|0.263|0.402
Ezequiel Tovar|COL|359|8|33|32|5|92|19|65|332|6|2|17|0|0.196|0.24|0.319
Adolis García|PHI|259|7|21|21|3|84|21|45|231|3|4|8|1|0.195|0.27|0.329
Lenyn Sosa|TOR|117|1|11|9|0|25|1|22|113|1|1|7|0|0.195|0.207|0.283
Nolan Gorman|STL|229|7|19|26|0|74|25|39|201|3|0|4|0|0.194|0.279|0.318
Jakob Marsee|MIA|406|5|48|25|19|91|51|66|341|1|9|11|3|0.194|0.313|0.287
Victor Scott II|STL|184|2|19|9|9|44|16|30|155|1|2|4|0|0.194|0.276|0.258
Jarren Duran|BOS|407|13|44|52|14|119|28|71|367|7|4|10|3|0.193|0.254|0.343
Jorge Barrosa|ARI|138|2|21|10|0|38|13|23|119|0|1|11|1|0.193|0.278|0.353
Miles Mastrobuoni|SEA|30|0|3|1|0|10|2|5|26|1|0|0|0|0.192|0.241|0.192
Andrew McCutchen|TEX|83|1|8|5|0|22|9|14|73|1|0|2|0|0.192|0.277|0.26
MJ Melendez|NYM|144|4|14|11|0|50|17|23|120|1|5|5|1|0.192|0.315|0.35
Nick Castellanos|SDP|122|4|9|20|2|34|5|22|115|2|0|5|0|0.191|0.221|0.339
Kyle Teel|CHW|70|2|9|14|0|27|6|12|63|0|1|2|0|0.19|0.271|0.317
Matt McLain|CIN|309|8|32|25|11|83|36|51|268|0|3|13|0|0.19|0.293|0.328
Noelvi Marte|CIN|146|6|16|13|5|36|9|26|137|0|0|6|0|0.19|0.24|0.365
Yoán Moncada|LAA|130|3|9|10|1|45|17|21|111|0|2|1|1|0.189|0.308|0.297
Evan Carter|TEX|283|8|34|25|11|66|35|45|238|1|4|7|2|0.189|0.302|0.336
J.C. Escarra|NYY|92|0|8|7|0|18|6|16|85|1|0|5|1|0.188|0.239|0.271
Will Benson|CIN|114|3|11|6|1|38|16|18|96|0|1|3|1|0.188|0.31|0.333
Braxton Fulford|COL|68|1|12|7|4|27|6|11|59|2|1|4|0|0.186|0.265|0.305
David Fry|CLE|162|6|16|13|0|49|22|26|140|0|0|4|0|0.186|0.296|0.343
Drew Millas|WSH|152|2|18|11|0|37|14|24|130|1|3|4|0|0.185|0.277|0.262
Jimmy Crooks|STL|86|3|4|9|0|27|7|14|76|0|3|3|0|0.184|0.279|0.342
Thomas Saggese|STL|82|1|9|4|1|26|6|14|76|0|0|2|1|0.184|0.244|0.276
Edgar Quero|CHW|176|2|12|15|1|41|13|28|153|5|3|1|0|0.183|0.253|0.229
Jordan Beck|COL|88|1|7|10|2|22|5|15|82|1|0|5|1|0.183|0.227|0.305
CJ Kayfus|CLE|25|1|4|2|0|8|2|4|22|0|1|1|0|0.182|0.28|0.364
Johnathan Rodríguez|BAL|15|0|0|2|0|6|3|2|11|1|0|1|0|0.182|0.333|0.273
Corey Seager|TEX|219|10|28|25|1|59|28|34|187|2|2|6|0|0.182|0.292|0.374
Tyler Heineman|LAA|118|1|9|8|1|22|5|19|105|0|3|2|1|0.181|0.239|0.248
Alek Thomas|ARI|100|2|12|10|4|23|3|17|94|0|2|9|0|0.181|0.222|0.34
Wenceel Pérez|DET|175|7|22|17|3|29|14|29|161|0|0|4|1|0.18|0.246|0.348
Ronny Mauricio|NYM|50|1|4|2|0|18|0|9|50|0|0|1|0|0.18|0.18|0.26
LaMonte Wade Jr.|HOU|60|2|9|10|0|13|10|9|50|0|0|2|0|0.18|0.317|0.34
Connor Joe|SEA|45|1|2|3|2|15|6|7|39|0|0|2|0|0.179|0.289|0.308
Garrett Stubbs|PHI|32|0|7|2|0|6|1|5|28|1|2|0|0|0.179|0.25|0.179
Mitch Garver|SEA|139|4|17|14|0|45|20|21|118|0|1|3|0|0.178|0.302|0.305
Bryce Johnson|SDP|49|0|5|2|5|18|3|8|45|0|0|2|0|0.178|0.229|0.222
Juan Brito|CLE|56|0|7|3|0|17|4|9|51|0|1|4|0|0.176|0.25|0.255
Jerar Encarnacion|SFG|35|0|1|0|0|8|1|6|34|0|0|1|0|0.176|0.2|0.206
Rhys Hoskins|CLE|285|11|30|33|1|92|43|41|235|4|3|13|0|0.174|0.305|0.37
TJ Friedl|CIN|226|3|19|11|5|52|20|34|196|1|4|6|1|0.173|0.262|0.26
Reese McGuire|CHW|34|0|1|3|0|9|2|5|29|0|2|0|0|0.172|0.273|0.172
Henry Davis|PIT|206|8|25|28|2|45|19|31|180|1|5|5|0|0.172|0.268|0.333
Graham Pauley|MIA|99|1|9|11|1|24|5|16|93|0|0|8|0|0.172|0.214|0.29
Danny Jansen|TEX|142|3|11|12|1|40|13|21|123|0|5|6|1|0.171|0.277|0.309
Harrison Bader|SFG|111|5|10|14|0|34|4|18|106|1|0|5|0|0.17|0.198|0.358
Denzel Clarke|ATH|60|0|4|6|2|24|4|9|53|0|0|1|0|0.17|0.228|0.189
Gabriel Rincones Jr.|PHI|82|2|7|7|0|25|2|13|77|1|2|4|0|0.169|0.207|0.299
LuJames Groover|ARI|54|1|4|4|0|11|5|8|48|0|1|2|0|0.167|0.259|0.271
Michael Helman|TEX|35|1|2|2|0|6|1|5|30|1|2|1|0|0.167|0.235|0.3
Jonathan India|KCR|58|2|8|8|0|13|8|8|48|0|2|1|0|0.167|0.31|0.313
Jace Jung|DET|8|0|1|0|0|1|2|1|6|0|0|0|0|0.167|0.375|0.167
Sean Keys|TOR|37|1|5|5|0|13|1|6|36|0|0|1|0|0.167|0.189|0.278
Brian Navarreto|MIA|15|0|2|0|0|4|1|2|12|0|0|1|0|0.167|0.231|0.25
Collin Price|HOU|13|0|1|0|0|6|1|2|12|0|0|1|0|0.167|0.231|0.25
Jake Rogers|DET|107|3|11|9|1|31|13|15|90|2|1|2|1|0.167|0.274|0.311
Matt Wallner|MIN|135|4|14|10|0|53|10|20|120|0|5|3|0|0.167|0.259|0.292
Cal Raleigh|SEA|309|10|24|35|2|98|38|44|267|3|1|7|0|0.165|0.269|0.303
Austin Wells|NYY|233|6|20|13|1|62|27|33|203|1|1|2|0|0.163|0.263|0.261
Freddy Fermin|SDP|172|3|16|11|0|35|17|24|148|2|2|8|0|0.162|0.254|0.277
Eric Haase|SFG|84|4|8|9|0|28|6|12|74|0|1|3|0|0.162|0.235|0.365
Eric Wagaman|NYM|42|2|3|4|0|10|4|6|37|0|1|0|0|0.162|0.262|0.324
Christopher Morel|MIA|73|0|3|1|1|28|4|11|68|0|1|3|0|0.162|0.219|0.206
Jorge Polanco|NYM|93|1|4|4|0|20|6|14|87|0|0|4|0|0.161|0.215|0.241
Charles McAdoo|TOR|25|1|2|3|0|6|0|4|25|0|0|0|0|0.16|0.16|0.28
Sam Haggerty|TEX|47|0|3|1|2|16|2|7|44|0|1|1|0|0.159|0.213|0.182
James Outman|DET|156|4|20|16|6|66|10|23|145|0|1|4|2|0.159|0.218|0.297
Stuart Fairchild|CLE|27|0|3|1|2|14|7|3|19|0|1|0|0|0.158|0.407|0.158
Aramis Garcia|ARI|19|1|2|2|0|6|0|3|19|0|0|0|0|0.158|0.158|0.316
Felix Reyes|PHI|38|1|2|2|0|9|0|6|38|0|0|1|0|0.158|0.158|0.263
Ramón Urías|STL|68|2|9|5|0|12|6|9|57|1|4|3|0|0.158|0.279|0.316
Gage Workman|DET|38|2|3|5|0|16|0|6|38|0|0|3|0|0.158|0.158|0.395
Blake Perkins|MIL|101|1|14|11|3|22|10|14|89|0|1|6|0|0.157|0.25|0.258
Zach Cole|HOU|53|3|4|8|0|21|1|8|51|0|1|1|0|0.157|0.189|0.353
Joey Meneses|ATH|25|0|1|2|0|4|3|3|20|1|1|0|0|0.15|0.28|0.15
Jahmai Jones|BOS|113|3|9|9|0|38|11|15|102|0|0|2|0|0.147|0.23|0.255
Junior Perez|CHW|35|2|3|4|0|14|1|5|34|0|0|0|0|0.147|0.171|0.324
Davis Schneider|TOR|123|3|16|12|1|41|19|15|102|1|0|5|0|0.147|0.279|0.284
Rodolfo Durán|SDP|91|3|8|8|0|24|7|12|82|0|1|4|0|0.146|0.222|0.305
Ke'Bryan Hayes|CIN|146|2|12|5|1|24|8|20|137|0|1|2|1|0.146|0.199|0.219
Eliezer Alfonzo|LAD|14|0|1|1|0|2|0|2|14|0|0|1|0|0.143|0.143|0.214
Steward Berroa|PHI|7|0|0|1|0|4|0|1|7|0|0|0|0|0.143|0.143|0.143
Daniel Johnson|HOU|17|0|1|0|0|3|2|2|14|0|1|0|0|0.143|0.294|0.143
Christian Koss|SFG|23|0|1|0|0|2|1|3|21|0|1|1|0|0.143|0.217|0.19
Bo Naylor|CLE|90|2|4|7|0|21|6|12|84|0|0|2|0|0.143|0.2|0.238
Jared Oliva|SFG|7|0|1|0|1|1|0|1|7|0|0|0|0|0.143|0.143|0.143
Ryan Ritter|COL|7|0|1|0|0|3|0|1|7|0|0|0|0|0.143|0.143|0.143
Nick Solak|SDP|10|0|0|1|0|0|1|1|7|1|1|0|0|0.143|0.3|0.143
Andrew Velazquez|KCR|7|0|0|0|1|1|0|1|7|0|0|0|0|0.143|0.143|0.143
Pavin Smith|ARI|89|1|5|6|1|18|10|11|78|1|0|1|0|0.141|0.236|0.192
Zack Short|NYM|62|0|4|2|0|19|8|7|50|2|1|2|0|0.14|0.262|0.18
Rob Refsnyder|SEA|119|3|8|9|0|32|7|14|105|3|3|0|0|0.133|0.203|0.219
Hayden Senger|NYM|17|1|2|2|0|4|0|2|15|0|0|0|0|0.133|0.133|0.333
Jase Bowen|SDP|56|0|8|3|4|22|2|7|53|0|1|2|0|0.132|0.179|0.17
Leo Rivas|SEA|120|0|9|7|2|36|15|13|99|1|3|2|1|0.131|0.263|0.172
Shay Whitcomb|HOU|24|2|2|5|0|11|1|3|23|0|0|0|0|0.13|0.167|0.391
Drew Romo|CHW|134|5|9|11|1|34|12|15|118|1|2|5|0|0.127|0.218|0.297
Ryan Bliss|SEA|10|0|0|1|0|3|1|1|8|1|0|0|0|0.125|0.2|0.125
Nate Eaton|BOS|39|1|3|5|2|12|5|4|32|0|2|2|0|0.125|0.282|0.281
Sam Huff|BAL|33|0|1|1|0|19|1|4|32|0|0|2|0|0.125|0.152|0.188
Patrick Wisdom|SEA|44|1|3|4|0|18|3|5|41|0|0|1|0|0.122|0.182|0.22
Rece Hinds|MIA|38|0|2|5|0|19|1|4|35|1|1|3|0|0.114|0.158|0.2
Jeimer Candelario|LAA|20|0|3|0|0|8|1|2|18|0|1|2|0|0.111|0.2|0.222
Rafael Marchán|PHI|92|2|5|6|0|14|2|9|88|0|2|0|0|0.102|0.141|0.17
Carson Williams|TBR|33|0|6|3|0|11|2|3|30|0|0|1|0|0.1|0.156|0.133
Cooper Ingle|CLE|24|0|1|2|0|12|3|2|21|0|0|0|0|0.095|0.208|0.095
Vidal Bruján|NYM|13|0|4|1|0|1|1|1|11|0|0|0|0|0.091|0.167|0.091
Oliver Dunn|TBR|12|0|4|1|0|3|1|1|11|0|0|0|0|0.091|0.167|0.091
Sandy León|ATL|44|0|0|0|0|18|0|4|44|0|0|0|0|0.091|0.091|0.091
Will Brennan|SFG|23|0|0|0|0|3|0|2|23|0|0|0|0|0.087|0.087|0.087
Andy Ibáñez|NYM|26|0|1|5|0|3|1|2|23|2|0|0|0|0.087|0.115|0.087
Greg Jones|MIL|24|0|0|1|1|10|0|2|23|0|0|0|0|0.087|0.087|0.087
Chuckie Robinson|LAD|26|0|1|1|0|5|0|2|23|0|0|0|0|0.087|0.087|0.087
Carlos Santana|ARI|26|0|1|0|0|8|2|2|24|0|0|1|0|0.083|0.154|0.125
Otto Kemp|PHI|27|0|0|0|0|10|1|2|25|0|1|0|0|0.08|0.148|0.08
Austin Wynns|TEX|58|0|3|0|0|14|3|4|54|0|0|0|0|0.074|0.123|0.074
Sean Murphy|ATL|14|0|1|0|0|6|0|1|14|0|0|0|0|0.071|0.071|0.071
Ha-Seong Kim|ATL|82|0|4|3|1|22|9|5|73|0|0|0|0|0.068|0.171|0.068
Buddy Kennedy|SEA|19|0|2|0|0|7|2|1|17|0|0|1|0|0.059|0.158|0.118
César Salazar|HOU|22|0|0|1|0|3|3|1|18|0|1|0|0|0.056|0.227|0.056
Addison Barger|TOR|28|0|2|2|0|7|5|1|22|1|0|1|0|0.045|0.214|0.091
Chad Stevens|COL|34|0|1|3|0|13|5|1|28|1|0|0|0|0.036|0.176|0.036
Jack Brannigan|PIT|1|0|0|0|0|1|0|0|1|0|0|0|0|0.0|0.0|0.0
Oswaldo Cabrera|NYY|11|0|0|0|0|4|0|0|9|0|0|0|0|0.0|0.0|0.0
Dylan Carlson|CHC|4|0|1|0|0|2|0|0|4|0|0|0|0|0.0|0.0|0.0
Trei Cruz|DET|5|0|0|0|0|3|0|0|5|0|0|0|0|0.0|0.0|0.0
Kyler Fedko|MIN|19|0|1|1|0|8|2|0|16|1|0|0|0|0.0|0.105|0.0
Maverick Handley|BAL|1|0|0|0|0|1|0|0|1|0|0|0|0|0.0|0.0|0.0
Brett Harris|BOS|9|0|0|0|0|2|1|0|6|0|2|0|0|0.0|0.333|0.0
Blake Hunt|SDP|3|0|0|0|0|3|0|0|3|0|0|0|0|0.0|0.0|0.0
Ivan Johnson|CIN|6|0|0|0|0|1|1|0|5|0|0|0|0|0.0|0.167|0.0
Grant McCray|SFG|5|0|3|0|3|2|1|0|3|0|0|0|0|0.0|0.25|0.0
Dylan Moore|PHI|15|0|3|0|1|6|3|0|12|0|0|0|0|0.0|0.2|0.0
Nick Morabito|NYM|12|0|0|0|0|9|0|0|11|0|1|0|0|0.0|0.083|0.0
Tommy Pham|NYM|14|0|1|0|0|7|1|0|13|0|0|0|0|0.0|0.071|0.0
César Prieto|STL|17|0|0|0|0|2|0|0|17|0|0|0|0|0.0|0.0|0.0
Jeferson Quero|MIL|2|0|0|0|0|0|1|0|1|0|0|0|0|0.0|0.5|0.0
Michael Siani|BAL|1|0|0|0|0|0|0|0|1|0|0|0|0|0.0|0.0|0.0
Randy Vásquez|SDP|1|0|0|0|0|0|0|0|1|0|0|0|0|0.0|0.0|0.0
Davis Wendzel|PIT|4|0|0|0|0|0|0|0|4|0|0|0|0|0.0|0.0|0.0
Luke Williams|ATL|1|0|0|0|0|0|1|0|0|0|0|0|0|0.0|1.0|0.0
