name|team|ip|w|sv|hld|era|whip|so|hr|qs|er|h|bb|hbp|bf
Tanner Andrews|TOR|3.0|0|0|0|0.0|1.0|1|0|0|0|1|2|0|11
Spencer Bivens|SFG|2.0|0|0|0|0.0|2.0|3|0|0|0|3|1|0|10
Ty Blach|CHC|3.0|0|0|0|0.0|0.33|2|0|0|0|1|0|0|9
Tyler Callihan|PIT|3.0|0|0|0|0.0|2.0|1|0|0|0|3|3|0|15
Eiberson Castellano|COL|3.0|0|1|0|0.0|1.33|2|0|0|0|4|0|1|12
Khristian Curtis|PIT|5.0|0|0|0|0.0|0.8|4|0|0|0|2|2|0|17
Jose Espada|BAL|1.0|0|0|0|0.0|2.0|0|0|0|0|2|0|0|4
Rafael Flores Jr.|PIT|1.0|0|0|0|0.0|2.0|0|0|0|0|2|0|0|5
Sam Haggerty|TEX|1.0|0|0|0|0.0|0.0|0|0|0|0|0|0|1|3
Kevin Herget|NYM|1.0|0|0|0|0.0|0.0|0|0|0|0|0|0|0|3
Welinton Herrera|COL|2.3|0|0|0|0.0|1.29|2|0|0|0|2|1|0|10
P.J. Higgins|CIN|1.0|0|0|0|0.0|0.0|1|0|0|0|0|0|0|3
Jackson Jobe|DET|5.0|1|0|0|0.0|0.4|4|0|0|0|1|1|0|16
Ben Joyce|LAA|4.0|0|1|1|0.0|0.5|4|0|0|0|1|1|0|13
Antoine Kelly|CHC|1.3|0|0|0|0.0|0.75|1|0|0|0|0|1|0|4
Brooks Kriske|ATH|2.7|0|0|0|0.0|1.13|2|0|0|0|2|1|0|11
Nate Lavender|NYM|3.3|0|0|3|0.0|0.9|5|0|0|0|1|2|0|12
Reese McGuire|CHW|1.0|0|0|0|0.0|0.0|0|0|0|0|0|0|0|3
Jake Meyers|HOU|1.0|0|0|0|0.0|0.0|0|0|0|0|0|0|0|3
Noah Murdock|PIT|3.0|0|0|0|0.0|2.0|4|0|0|0|3|3|0|14
Tanner Rainey|DET|1.7|0|0|0|0.0|1.2|1|0|0|0|0|2|0|7
Jake Rogers|DET|2.3|0|0|0|0.0|1.71|3|0|0|0|3|1|1|12
Josh Rojas|KCR|1.0|0|0|0|0.0|1.0|0|0|0|0|1|0|0|4
Yacksel Ríos|CHC|1.7|0|0|0|0.0|0.0|2|0|0|0|0|0|0|5
Max Schuemann|NYY|1.0|0|0|0|0.0|2.0|0|0|0|0|1|1|0|5
Zack Short|NYM|1.0|0|0|0|0.0|0.0|0|0|0|0|0|0|0|3
Hagen Smith|CHW|3.0|1|0|1|0.0|1.67|6|0|0|0|0|5|0|14
Garrett Stallings|MIL|8.0|0|0|0|0.0|0.75|9|0|0|0|3|3|0|30
Myles Straw|TOR|3.0|0|0|0|0.0|2.0|0|0|0|0|5|1|0|15
Gary Sánchez|MIL|1.0|0|0|0|0.0|2.0|0|0|0|0|2|0|0|5
Bryan Torres|STL|2.0|0|0|0|0.0|1.0|0|0|0|0|1|1|0|8
Vince Velasquez|CHC|3.3|0|0|0|0.0|0.3|1|0|0|0|1|0|0|11
Blake Weiman|LAA|4.0|0|0|2|0.0|1.5|4|0|0|0|6|0|0|18
Jack Weisenburger|NYM|3.0|0|0|0|0.0|0.67|3|0|0|0|2|0|0|11
Cameron Weston|BAL|1.0|0|0|0|0.0|1.0|1|0|0|0|0|1|0|3
Guillo Zuñiga|NYM|1.0|0|0|0|0.0|1.0|1|0|0|0|0|1|0|4
Matt Brash|SEA|16.7|3|0|6|0.54|0.84|15|0|0|1|8|6|3|64
Robert Suarez|ATL|32.0|4|4|12|0.56|0.84|26|1|0|2|21|6|0|121
Gerardo Carrillo|ARI|12.7|2|0|0|0.71|1.11|15|0|0|1|7|7|0|51
Yerry De los Santos|NYY|11.7|0|0|0|0.77|1.2|11|1|0|1|10|4|0|49
Mason Miller|SDP|51.3|4|30|0|0.88|0.84|93|0|0|5|24|19|2|196
Josh Hader|HOU|28.0|4|17|0|0.96|0.71|38|1|0|3|10|10|0|104
Daniel Duarte|NYM|17.3|1|1|1|1.04|0.75|13|1|0|2|8|5|1|64
Alimber Santa|HOU|15.3|0|0|0|1.17|0.91|9|1|0|2|8|6|0|59
Louis Varland|TOR|62.3|5|26|5|1.3|0.99|76|2|0|9|45|17|0|243
Brian Fitzpatrick|MIL|6.7|0|0|0|1.35|1.5|5|0|0|1|7|3|0|30
Kervin Castro|NYY|6.3|0|0|0|1.42|0.79|8|0|0|1|3|2|0|23
Troy Melton|DET|80.0|7|0|0|1.46|0.9|69|8|8|13|48|24|2|307
Brent Headrick|NYY|61.3|6|0|19|1.47|1.11|76|3|0|10|49|19|0|248
Carl Edwards Jr.|NYM|6.0|0|0|0|1.5|1.17|11|1|0|1|3|4|0|25
Marco Gonzales|TEX|6.0|0|1|0|1.5|1.83|3|0|0|1|7|4|0|28
Elieser Hernández|ATL|6.0|1|1|0|1.5|1.67|6|1|0|1|6|4|0|28
Logan VanWey|HOU|6.0|1|0|0|1.5|0.83|5|0|0|1|5|0|0|22
Jacob Waguespack|DET|23.7|1|0|2|1.52|0.89|15|3|0|4|12|9|1|93
Bryan Baker|TBR|46.3|1|34|2|1.55|0.84|51|3|0|8|24|15|1|177
Tyler Rogers|TOR|55.0|2|4|24|1.64|1.16|28|0|0|10|44|20|0|228
Jose Cuas|KCR|10.7|0|0|1|1.69|1.41|13|0|0|2|12|3|0|45
Jhoan Duran|PHI|42.3|1|25|0|1.7|0.99|59|1|0|8|35|7|3|167
Jacob Misiorowski|MIL|133.0|11|0|0|1.76|0.74|204|13|14|26|68|30|9|503
Shohei Ohtani|LAD|85.7|8|0|0|1.79|0.95|95|4|12|17|55|26|6|340
Luke Weaver|PIT|45.0|2|1|15|1.8|0.84|45|3|0|9|26|12|2|174
Eddy Yean|WSH|10.0|0|0|1|1.8|0.7|6|1|0|2|5|2|1|39
Jacob Latz|TEX|54.0|3|23|2|1.83|0.74|56|3|0|11|26|14|0|200
Ben Brown|CHC|68.0|4|1|2|1.85|0.94|65|2|3|14|45|19|2|265
James Karinchak|ATL|9.7|0|0|1|1.86|0.93|8|1|0|2|4|5|0|37
Paul Blackburn|NYY|66.3|4|1|5|1.9|1.03|52|6|0|14|44|24|1|257
Alec Gamboa|BOS|14.0|0|1|0|1.93|1.21|12|1|0|3|12|5|0|57
Dylan Lee|ATL|55.3|5|0|27|1.95|0.74|68|3|0|12|28|13|0|205
Kevin Kelly|TBR|55.0|5|4|24|1.96|0.82|43|4|0|12|36|9|3|203
Yennier Cano|BAL|40.7|2|2|11|1.99|0.93|37|1|0|9|29|9|1|161
Randy Dobnak|KCR|36.0|2|0|0|2.0|1.33|19|2|1|8|34|14|0|153
Josh Ekness|MIA|9.0|0|1|0|2.0|1.33|6|1|0|2|5|7|0|38
Samy Natera Jr.|LAA|27.0|1|3|4|2.0|0.85|42|1|0|6|13|10|1|104
Joe Mantiply|TOR|17.7|1|0|0|2.04|1.13|16|1|0|4|16|4|1|71
Aroldis Chapman|BOS|39.7|2|27|0|2.04|1.24|50|2|0|9|31|18|1|168
Garrett Whitlock|BOS|44.0|6|2|21|2.05|0.89|49|3|0|10|32|7|0|168
Abner Uribe|MIL|48.3|4|6|18|2.05|1.03|48|3|0|11|32|18|1|191
Cam Booser|TBR|26.0|0|0|7|2.08|0.77|33|5|0|6|15|5|0|97
Colin Holderman|CLE|47.7|6|1|9|2.08|0.9|46|1|0|11|26|17|7|191
Parker Mushinski|COL|4.3|1|0|1|2.08|2.08|0|0|0|1|5|4|0|21
Steven Okert|HOU|59.7|6|0|16|2.11|0.85|60|6|0|14|39|12|4|230
Brandyn Garcia|ARI|34.0|0|3|13|2.12|0.79|37|1|0|8|20|7|3|127
Bradgley Rodriguez|SDP|55.0|3|0|9|2.13|1.05|57|3|0|13|41|17|0|224
Brooks Raley|PHI|46.3|5|0|14|2.14|1.08|47|3|0|11|34|16|3|189
Taylor Clarke|ARI|54.3|2|0|13|2.15|0.85|29|4|0|13|37|9|3|206
Riley Martin|CHC|8.3|0|0|0|2.16|0.84|10|1|0|2|5|2|0|31
Dylan Dodd|ATL|37.3|3|1|11|2.17|0.83|40|4|0|9|19|12|1|142
Jack Anderson|MIN|12.3|1|1|0|2.19|1.05|12|1|0|3|10|3|0|48
Chris Sale|ATL|123.0|12|0|0|2.2|1.02|151|8|14|30|98|28|10|494
Grant Taylor|CHW|61.3|4|6|8|2.2|1.03|80|4|0|15|43|20|1|246
Cam Schlittler|NYY|146.7|10|0|0|2.21|0.93|182|14|15|36|105|31|6|579
Jake Eder|LAD|4.0|1|0|0|2.25|1.0|1|0|0|1|3|1|0|15
Julian Fernández|WSH|4.0|0|0|0|2.25|1.25|3|1|0|1|3|2|0|18
A.J. Minter|MIN|28.0|1|0|3|2.25|1.0|24|5|0|7|25|3|1|112
Tanner Scott|LAD|48.0|1|16|11|2.25|0.92|60|4|0|12|33|11|1|184
Ryan Rolison|CHC|47.3|7|1|4|2.28|1.2|47|4|0|12|37|20|0|187
Cade Smith|CLE|54.7|3|31|0|2.3|1.12|77|4|0|14|43|18|1|225
Scott Blewett|ATH|11.7|0|0|0|2.31|1.37|5|0|0|3|12|4|0|52
Paul Gervase|LAD|7.7|0|0|0|2.35|1.57|8|0|0|2|7|5|0|34
Yuki Matsui|SDP|46.0|3|0|6|2.35|1.15|48|6|0|12|27|26|2|187
Jacob Webb|CHC|53.0|4|8|8|2.38|1.17|60|6|0|14|45|17|0|219
Cody Bradford|TEX|11.3|0|0|0|2.38|1.15|6|0|1|3|10|3|1|46
Joel Peguero|SFG|11.3|0|0|1|2.38|1.24|5|0|0|3|10|4|2|48
Trevor Williams|WSH|11.3|0|0|1|2.38|1.15|14|2|0|3|11|2|1|47
Dylan Cease|TOR|131.3|7|0|0|2.4|1.07|191|9|11|35|85|56|3|529
Juan Morillo|ARI|48.3|3|1|15|2.42|1.03|56|2|0|13|33|17|2|194
Erik Miller|BOS|37.0|2|4|10|2.43|1.35|53|2|0|10|27|23|3|161
Trevor Megill|MIL|48.0|2|22|7|2.44|0.83|54|0|0|13|28|12|1|186
Didier Fuentes|ATL|51.7|4|2|13|2.44|1.06|66|3|0|14|40|15|2|210
Logan Allen|CLE|7.3|0|0|0|2.45|2.05|10|0|0|2|11|4|0|38
Zach Eflin|BAL|3.7|0|0|0|2.45|1.64|7|1|0|1|4|2|0|17
DL Hall|MIL|36.7|2|0|4|2.45|1.23|37|2|0|10|19|26|1|148
Cade Horton|CHC|7.3|1|0|0|2.45|0.82|4|1|1|2|4|2|0|26
Brock Stewart|LAD|14.7|0|1|4|2.45|0.75|14|2|0|4|6|5|0|55
Tyler Wells|TBR|58.3|2|4|12|2.47|0.96|61|6|0|16|41|15|2|228
Ty Madden|DET|32.7|1|0|1|2.48|1.01|34|2|0|9|21|12|1|132
Huascar Brazobán|CHW|57.7|5|0|9|2.5|0.99|52|3|0|16|33|24|1|224
Jason Adam|SDP|32.3|2|2|17|2.51|1.18|22|5|0|9|30|8|2|134
Gavin Hollowell|CHC|14.3|0|1|1|2.51|1.33|13|2|0|4|11|8|1|62
Ben Peoples|TEX|14.3|0|0|0|2.51|1.19|8|3|0|4|11|6|1|57
Jovani Morán|BOS|50.0|2|0|4|2.52|1.0|55|6|0|14|28|22|1|201
Cristopher Sánchez|PHI|155.7|15|0|0|2.54|1.19|181|13|17|44|151|35|5|646
David Bednar|NYY|52.7|5|27|0|2.56|1.04|60|3|0|15|38|17|2|214
Sam Hentges|SFG|28.0|1|0|9|2.57|1.61|31|0|0|8|25|20|3|129
Parker Messick|CLE|142.3|9|0|0|2.59|1.03|142|14|9|41|107|40|2|565
Chase Burns|CIN|124.0|13|0|0|2.61|1.12|143|13|10|36|93|46|1|502
Anthony Bender|MIA|34.3|1|2|8|2.62|0.96|41|1|0|10|21|12|3|140
Yoshinobu Yamamoto|LAD|139.3|11|0|0|2.65|0.89|127|15|16|41|92|32|4|533
Trent Thornton|CHC|37.3|5|3|4|2.65|1.1|19|4|0|11|26|15|1|145
Tyler Samaniego|BOS|20.3|0|0|1|2.66|1.48|17|1|0|6|22|8|2|90
Evan Sisk|PIT|40.7|1|0|5|2.66|1.25|47|2|0|12|33|18|8|174
Sean Newcomb|CHW|64.3|1|3|10|2.66|1.13|60|2|0|19|50|23|6|263
Yohan Ramírez|PIT|67.3|6|1|6|2.67|1.25|79|4|0|20|46|38|10|288
Walbert Ureña|LAA|107.7|8|0|1|2.67|1.25|102|6|10|32|78|57|8|459
Max Meyer|MIA|111.0|9|0|0|2.68|1.14|121|11|7|33|85|41|7|462
Jonathan Bowlan|PHI|43.7|2|1|8|2.68|0.94|53|4|0|13|31|10|2|171
Tyler Holton|DET|57.0|1|2|12|2.68|1.19|44|6|0|17|56|12|4|235
Garrett Acton|MIN|6.7|1|0|0|2.7|1.05|9|0|0|2|4|3|1|28
Ryan Fernandez|STL|13.3|1|0|1|2.7|1.35|20|1|0|4|11|7|0|59
Jakob Junis|TEX|40.0|1|5|14|2.7|1.08|30|2|0|12|36|7|3|164
Daniel Palencia|CHC|16.7|2|3|0|2.7|1.38|19|2|0|5|17|6|0|71
Nate Pearson|KCR|26.7|2|2|0|2.7|1.24|22|1|0|8|19|14|2|109
PJ Poulin|WSH|36.7|3|3|7|2.7|1.31|25|4|0|11|27|21|1|153
Eduardo Rodriguez|ARI|143.3|11|0|0|2.7|1.23|101|13|15|43|129|47|0|590
Drew Rom|ATH|6.7|1|0|0|2.7|1.5|12|1|0|2|6|4|0|30
Jefry Yan|NYM|3.3|0|0|1|2.7|2.7|3|0|0|1|4|5|0|18
Brennan Bernardino|COL|49.7|3|1|10|2.72|1.19|37|4|0|15|45|14|3|209
Tyler Glasnow|LAD|39.7|3|0|0|2.72|0.83|49|5|4|12|20|13|0|148
Nick Martinez|TBR|138.0|12|0|0|2.74|1.09|78|16|11|42|130|20|3|552
Adrian Morejon|SDP|65.3|9|2|19|2.76|1.09|80|3|0|20|53|18|4|268
Brock Burke|CIN|58.7|5|2|13|2.76|1.26|56|5|0|18|43|31|3|247
Tejay Antone|CIN|39.0|2|1|7|2.77|1.0|38|4|0|12|29|10|3|163
Tyler Schweitzer|CHW|22.7|1|1|2|2.78|1.28|11|1|0|7|20|9|0|94
Chase Silseth|TEX|45.3|3|0|10|2.78|1.46|53|4|0|14|39|27|2|201
Zac Thornton|NYM|45.3|3|0|0|2.78|1.1|29|4|5|14|37|13|1|177
Blade Tidwell|SFG|22.7|0|1|1|2.78|1.1|19|1|0|7|20|5|1|91
Drew Rasmussen|TBR|129.3|12|0|0|2.78|0.91|133|12|13|40|95|23|7|506
Alex Vesia|LAD|42.0|1|3|17|2.79|1.21|56|2|0|13|22|29|0|178
Sonny Gray|BOS|125.7|14|0|0|2.79|1.15|110|13|15|39|112|33|5|510
Fernando Cruz|NYY|51.3|4|2|18|2.81|1.32|63|5|0|16|37|31|2|219
Xzavion Curry|NYM|16.0|0|0|0|2.81|1.31|10|2|0|5|14|7|0|67
Max Fried|NYY|86.3|4|0|0|2.81|1.0|79|2|7|27|59|27|2|332
Kody Funderburk|MIN|38.0|3|1|7|2.84|1.24|32|2|0|12|25|22|2|160
Brant Hurter|DET|25.3|4|0|1|2.84|1.07|18|1|0|8|15|12|1|101
Jonathan Loáisiga|ARI|47.3|3|1|8|2.85|1.12|36|3|0|15|42|11|1|190
Clay Holmes|CHC|56.7|4|0|0|2.86|1.16|46|4|4|18|46|20|1|233
Logan Henderson|MIL|56.3|6|0|0|2.88|0.91|69|9|3|18|40|11|1|216
Daniel Lynch IV|KCR|50.0|4|1|13|2.88|1.02|40|4|0|16|37|14|2|203
Zack Wheeler|PHI|115.3|10|0|0|2.89|1.0|137|14|12|37|86|29|3|454
William Kempner|MIA|12.3|1|0|0|2.92|0.97|14|1|0|4|8|4|2|50
Michael Petersen|MIA|49.3|2|1|19|2.92|1.07|60|4|0|16|31|22|2|199
Michael Soroka|ARI|86.3|8|0|0|2.92|1.1|83|6|7|28|75|20|5|351
Tarik Skubal|LAD|107.7|7|0|0|2.93|0.93|128|12|10|35|82|18|5|419
Gabe Speier|SEA|30.7|2|1|14|2.93|1.21|28|3|0|10|24|13|5|132
Martín Pérez|ATL|106.3|8|0|0|2.96|1.15|80|11|4|35|79|43|2|430
Payton Tolle|BOS|115.0|8|0|0|2.97|1.06|128|13|11|38|91|31|3|461
Keaton Winn|SFG|42.3|2|1|14|2.98|1.13|33|2|0|14|32|16|3|172
Brandon Woodruff|MIL|45.3|2|0|0|2.98|0.84|47|5|3|15|28|10|1|174
Edgardo Henriquez|LAD|48.3|4|1|8|2.98|1.08|52|1|0|16|29|23|5|196
Sean Burke|CHW|135.7|7|0|0|2.99|1.08|152|15|10|45|108|39|8|550
Zach Brzykcy|MIA|3.0|0|0|0|3.0|1.67|2|0|0|1|3|2|0|12
Raymond Burgos|BOS|6.0|0|1|0|3.0|0.33|4|2|0|2|2|0|0|20
Brian Keller|PHI|3.0|0|0|0|3.0|0.67|3|1|0|1|2|0|0|11
Marco Raya|MIN|6.0|0|0|0|3.0|1.33|4|1|0|2|5|3|0|25
Bennett Sousa|HOU|12.0|0|0|4|3.0|1.33|13|1|0|4|9|7|0|51
Raisel Iglesias|ATL|44.7|1|24|0|3.02|1.19|49|5|0|15|40|13|1|183
Andrew Morris|MIN|56.3|4|3|19|3.04|1.24|54|3|0|19|50|20|2|236
José Fermin|LAA|41.3|4|1|5|3.05|1.26|49|5|0|14|32|20|4|178
Jack Dreyer|LAD|49.7|5|1|8|3.08|1.01|58|7|0|17|36|14|1|196
Dylan Smith|SFG|23.3|0|2|6|3.09|1.29|27|2|0|8|18|12|2|102
Peter Lambert|HOU|113.7|8|0|0|3.09|1.15|111|12|8|39|87|44|8|472
Shane McClanahan|TBR|99.0|9|0|0|3.09|1.12|91|7|4|34|76|35|4|409
Tyler Alexander|TEX|52.3|3|4|11|3.1|1.2|45|2|0|18|51|12|3|218
Riley O'Brien|STL|48.7|3|30|1|3.14|1.13|49|2|0|17|35|20|10|205
Spencer Miles|TOR|77.0|4|1|3|3.16|1.13|72|5|0|27|67|20|0|313
José Soriano|TOR|133.7|9|0|0|3.16|1.25|134|13|9|47|105|62|4|553
Gordon Graceffo|STL|59.7|7|1|4|3.17|1.09|36|5|0|21|38|27|2|236
Jake Bennett|BOS|76.7|7|0|0|3.17|1.04|55|5|6|27|64|16|3|305
Carter Baumler|TEX|5.7|0|0|0|3.18|1.76|6|1|0|2|4|6|1|27
Tommy Nance|MIN|45.3|2|0|6|3.18|1.28|47|5|0|16|40|18|0|190
Burch Smith|DET|17.0|0|0|0|3.18|1.47|20|2|0|6|18|7|0|73
Peyton Gray|TEX|48.0|6|0|8|3.19|1.19|50|5|0|17|43|14|3|208
Tyron Guerrero|BOS|31.0|1|0|15|3.19|1.06|34|2|0|11|28|5|2|128
Josh Walker|BAL|14.0|0|0|1|3.21|1.21|12|2|0|5|13|4|0|58
Keider Montero|DET|128.7|9|1|0|3.22|0.99|86|13|9|46|99|29|5|515
Eduard Bazardo|SEA|53.0|3|0|23|3.23|1.32|52|8|0|19|54|16|1|225
Ranger Suarez|BOS|108.0|4|0|0|3.25|1.19|110|6|7|39|97|31|3|445
Foster Griffin|CLE|138.3|13|0|0|3.25|1.11|125|22|12|50|120|33|8|566
Trevor Richards|CHW|55.3|0|1|1|3.25|1.08|52|8|0|20|42|18|0|226
Bryan Hudson|CHW|49.7|3|4|8|3.26|1.31|47|2|0|18|48|17|4|212
Tom Cosgrove|WSH|11.0|0|1|2|3.27|1.18|9|1|0|4|10|3|1|47
Garrett Cleavinger|TBR|35.7|4|2|22|3.28|1.23|48|5|0|13|28|16|2|150
Robbie Ray|SDP|131.7|10|0|0|3.28|1.33|113|17|9|48|110|65|1|554
Logan Gilbert|SEA|145.3|9|0|0|3.28|0.99|152|19|12|53|111|33|5|571
Julian Garcia|CIN|24.7|2|2|2|3.28|1.01|24|5|0|9|14|11|1|97
Jeremiah Estrada|SDP|27.3|2|1|10|3.29|1.1|34|2|0|10|16|14|0|108
Patrick Sandoval|BOS|30.0|1|0|0|3.3|1.7|29|3|1|11|38|13|1|136
Carlos Rodón|NYY|46.3|4|0|0|3.3|1.25|52|3|3|17|32|26|1|194
Zack Kelly|BOS|16.3|0|0|3|3.31|1.29|14|1|0|6|14|7|1|71
Justin Bruihl|STL|59.7|0|0|9|3.32|1.32|41|3|0|22|57|22|8|262
Jesús Luzardo|PHI|143.7|10|0|0|3.32|1.14|176|12|13|53|120|44|9|593
Brandon Young|BAL|113.7|9|0|0|3.33|1.32|93|12|10|42|109|41|2|487
Graham Ashcraft|CIN|27.0|1|1|10|3.33|1.22|32|2|0|10|17|16|0|109
JT Brubaker|SFG|56.7|0|2|3|3.34|1.18|37|5|0|21|44|23|1|230
Kendry Rojas|MIN|29.7|1|0|1|3.34|1.52|34|2|0|11|23|22|1|130
Jordan Hicks|CHW|35.0|1|1|8|3.34|1.49|40|2|0|13|30|22|1|155
Gerrit Cole|NYY|80.7|6|0|0|3.35|1.08|87|11|8|30|70|17|1|329
Emerson Hancock|SEA|121.0|6|0|0|3.35|1.12|111|15|11|45|105|30|5|490
JoJo Romero|STL|43.0|1|0|20|3.35|1.3|43|5|0|16|40|16|4|186
Cade Cavalli|WSH|136.7|10|0|0|3.36|1.24|151|15|14|51|129|41|12|578
Brandon Pfaadt|ARI|85.7|6|0|2|3.36|1.2|54|8|5|32|79|24|4|356
Michael King|SDP|136.3|7|0|0|3.37|1.17|120|15|11|51|105|55|9|559
Jhony Brito|SDP|5.3|0|0|1|3.38|0.94|4|1|0|2|4|1|0|20
Juan Burgos|ARI|2.7|0|0|0|3.38|1.13|0|0|0|1|3|0|1|12
Robert Garcia|TEX|8.0|0|0|2|3.38|1.5|6|0|0|3|5|7|0|34
Yoendrys Gómez|MIN|53.3|2|17|6|3.38|1.35|50|7|0|20|44|28|3|232
Kyle Leahy|STL|117.3|9|0|0|3.38|1.34|105|12|6|44|122|35|5|498
Casey Mize|SDP|96.0|4|0|0|3.38|1.09|92|7|9|36|81|24|1|387
Luke Murphy|LAA|5.3|0|0|3|3.38|1.69|4|0|0|2|3|6|0|24
Tyler Uberstine|BOS|2.7|0|0|0|3.38|1.5|2|1|0|1|3|1|0|11
Bryce Miller|SEA|85.0|4|0|0|3.39|0.99|84|14|3|32|68|16|1|331
Wandy Peralta|SDP|61.0|2|0|4|3.39|1.38|38|5|0|23|62|22|2|256
Eury Pérez|MIA|116.7|6|0|0|3.39|1.11|128|13|10|44|85|44|8|471
Hunter Dobbins|STL|45.0|2|1|0|3.4|1.31|42|6|2|17|42|17|2|191
Chad Patrick|MIL|87.3|6|5|7|3.4|1.2|78|8|1|33|71|34|2|356
J.T. Ginn|ATH|121.3|8|0|0|3.41|1.21|107|13|11|46|94|53|8|508
José A. Ferrer|SEA|50.0|4|3|12|3.42|1.34|41|5|0|19|53|14|5|219
Nolan McLean|NYM|136.7|8|0|0|3.42|1.13|159|15|14|52|105|50|13|568
Connelly Early|BOS|91.7|7|0|0|3.44|1.25|93|15|7|35|81|34|9|390
Cal Quantrill|TEX|70.7|4|0|0|3.44|1.2|49|9|2|27|63|22|5|298
Justin Wrobleski|LAD|120.3|11|0|0|3.44|1.11|94|17|12|46|107|27|4|492
Christian Scott|NYM|78.3|3|0|0|3.45|1.3|98|7|1|30|69|33|7|340
Andre Pallante|STL|130.0|12|0|0|3.46|1.22|92|10|9|50|118|40|6|539
Michael Wacha|KCR|150.7|5|0|0|3.46|1.15|117|18|16|58|132|41|5|612
Kyle Harrison|MIL|93.3|9|0|0|3.47|1.13|114|13|6|36|81|24|4|384
Grant Holmes|ATL|114.0|7|0|0|3.47|1.32|94|18|7|44|102|48|3|487
AJ Blubaugh|HOU|75.0|4|1|6|3.48|1.21|77|10|0|29|58|33|2|315
Joe Rock|CHW|10.3|0|0|0|3.48|2.13|12|0|0|4|11|11|2|53
Kyle Finnegan|DET|49.0|2|2|13|3.49|1.57|37|8|0|19|49|28|1|211
Orlando Ribalta|WSH|36.0|0|2|10|3.5|1.19|32|4|0|14|29|14|0|148
Matthew Boyd|CHC|79.7|8|0|0|3.5|1.22|66|9|6|31|74|23|5|329
Mason Black|KCR|25.7|0|0|0|3.51|1.6|18|5|0|10|25|16|2|116
Sandy Alcantara|MIA|163.7|13|0|0|3.52|1.17|128|17|18|64|150|42|7|674
Cooper Criswell|SEA|30.7|2|1|3|3.52|1.17|23|3|0|12|28|8|1|121
Blake Treinen|LAD|23.0|4|1|6|3.52|1.35|25|2|0|9|21|10|1|100
Aaron Ashby|MIL|66.3|13|0|10|3.53|1.43|95|5|0|26|62|33|2|294
Hoby Milner|CHC|35.7|1|1|6|3.53|1.21|18|4|0|14|34|9|3|149
Braydon Fisher|TOR|61.0|3|1|12|3.54|1.23|57|6|0|24|42|33|3|248
Erik Sabrowski|CLE|33.0|4|0|21|3.55|1.42|55|3|0|13|22|25|1|146
Gavin Williams|CLE|144.7|11|0|0|3.55|1.04|185|22|9|57|109|41|3|573
Franco Aleman|CLE|17.7|0|0|3|3.57|1.47|22|2|0|7|18|8|2|79
Andrew Kittredge|BAL|35.3|1|6|7|3.57|1.33|30|5|0|14|37|10|0|156
Ryan Yarbrough|NYY|45.3|2|2|0|3.57|1.26|32|3|0|18|38|19|4|195
Tim Mayza|PHI|55.3|3|0|1|3.58|1.08|54|6|0|22|46|14|1|221
Javier Assad|CHC|80.3|6|2|0|3.59|1.12|53|15|1|32|69|21|3|322
Logan Webb|SFG|133.0|7|0|0|3.59|1.08|103|9|14|53|112|32|6|538
John King|MIA|47.7|6|1|4|3.59|0.92|33|7|0|19|30|14|4|185
George Soriano|STL|52.7|6|2|17|3.59|1.22|53|8|0|21|42|22|2|223
Hunter Gaddis|CLE|40.0|1|1|23|3.6|1.4|39|5|0|16|39|17|2|178
Tim Herrin|CLE|40.0|1|0|14|3.6|1.4|33|4|0|16|33|23|5|173
Quinn Mathews|STL|5.0|0|0|0|3.6|1.8|3|0|0|2|6|3|0|24
Gregory Santos|SFG|5.0|0|0|0|3.6|1.6|1|0|0|2|5|3|0|22
Drew Sommers|DET|20.0|0|0|8|3.6|1.5|30|2|0|8|20|10|1|88
Jonah Tong|NYM|10.0|1|0|0|3.6|1.5|7|1|0|4|8|7|0|47
Ben Williamson|TBR|5.0|0|0|0|3.6|1.2|0|1|0|2|5|1|0|21
Kirby Yates|PIT|32.3|0|3|0|3.62|1.11|40|3|0|13|23|13|4|137
Rico Garcia|BAL|49.7|4|5|14|3.62|0.95|52|9|0|20|31|16|1|195
Tyler Zuber|MIA|22.3|1|1|7|3.63|1.25|27|4|0|9|24|4|2|95
Griffin Jax|TBR|91.7|6|0|2|3.63|1.21|100|14|2|37|81|30|2|379
Hogan Harris|ATH|52.0|3|11|10|3.63|1.58|70|6|0|21|48|34|5|239
Mason Montgomery|PIT|47.0|4|3|9|3.64|1.17|75|5|0|19|34|21|0|197
Reynaldo López|ATL|71.7|4|0|1|3.64|1.34|66|10|1|29|67|29|1|306
Michael McGreevy|STL|126.0|4|0|0|3.64|1.22|85|17|13|51|122|32|0|513
Clayton Beeter|WSH|37.0|5|12|5|3.65|1.22|38|6|0|15|22|23|2|155
Tyler Phillips|MIA|98.7|3|2|0|3.65|1.36|76|13|2|40|94|40|3|424
Trey Yesavage|TOR|93.7|5|0|0|3.65|1.14|91|10|7|38|61|46|2|386
Joe Ryan|MIN|125.7|6|0|0|3.65|1.14|138|17|11|51|116|27|5|523
Will Klein|LAD|41.7|3|2|12|3.67|1.56|49|3|0|17|44|21|3|189
Hunter Brown|HOU|63.7|3|0|0|3.68|1.27|67|8|5|26|46|35|4|269
George Kirby|SEA|132.0|8|0|0|3.68|1.27|112|16|13|54|140|28|3|543
Zach Pop|PHI|7.3|0|0|0|3.68|1.09|6|0|0|3|5|3|1|31
Kyle Bradish|BAL|127.0|7|0|0|3.69|1.34|121|13|11|52|116|54|3|535
Ryan Weathers|NYY|126.7|5|0|0|3.69|1.21|136|18|8|52|116|37|3|525
Grant Anderson|MIL|48.7|3|0|5|3.7|1.11|41|7|0|20|36|18|1|191
Kevin Ginkel|ARI|51.0|5|1|11|3.71|1.14|49|6|0|21|43|15|0|206
Andrés Muñoz|SEA|43.7|5|21|0|3.71|1.17|69|5|0|18|34|17|1|182
Enmanuel De Jesus|DET|38.7|2|1|0|3.72|1.22|38|2|0|16|34|13|1|162
Shota Imanaga|CHC|137.3|8|0|0|3.74|1.1|130|28|10|57|122|29|4|554
Mitch Bratt|ARI|33.7|1|0|0|3.74|1.4|25|5|2|14|28|19|1|143
Luis Medina|ATH|52.7|2|0|6|3.76|1.48|63|6|0|22|52|26|3|233
Andrew Alvarez|WSH|69.3|2|1|2|3.76|1.4|65|2|1|29|65|32|3|296
John Schreiber|KCR|43.0|0|1|10|3.77|1.42|33|7|0|18|40|21|1|182
Angel Chivilli|NYY|16.7|1|0|2|3.78|1.26|16|4|0|7|14|7|1|73
Carmen Mlodzinski|PIT|99.7|6|2|3|3.79|1.4|78|8|1|42|105|35|2|433
Brad Lord|WSH|61.7|5|1|6|3.79|1.18|56|7|0|26|52|21|6|262
Orion Kerkering|PHI|47.3|6|1|13|3.8|1.29|52|3|0|20|35|26|4|209
Gregory Soto|PIT|49.7|5|14|8|3.81|1.13|60|5|0|21|35|21|4|209
Jalen Beeks|TEX|26.0|2|0|6|3.81|1.38|21|6|0|11|28|8|0|113
Jeff Hoffman|MIN|52.0|6|5|14|3.81|1.38|81|4|0|22|50|22|6|234
Jesse Scholtens|TBR|37.7|5|0|0|3.82|1.27|30|8|0|16|37|11|3|164
Will Dion|WSH|23.3|1|0|0|3.86|1.24|26|4|0|10|25|4|1|97
Nolan Hoffman|PHI|4.7|0|0|0|3.86|1.93|2|0|0|2|6|3|0|21
Kenley Jansen|DET|32.7|3|15|1|3.86|1.22|37|5|0|14|20|20|0|137
Richard Lovelady|WSH|30.3|2|4|9|3.86|1.81|27|4|0|13|34|21|3|146
Jorge Mateo|ATL|2.3|0|0|0|3.86|2.57|1|0|0|1|5|1|0|12
Cody Ponce|TOR|2.3|0|0|0|3.86|0.86|3|0|0|1|1|1|0|10
Carlos Rodriguez|MIL|9.3|0|0|0|3.86|1.5|8|1|0|4|10|4|0|42
Beck Way|KCR|23.3|1|0|1|3.86|1.59|21|4|0|10|27|10|1|105
Hayden Wesneski|HOU|18.7|2|0|0|3.86|1.18|12|2|2|8|16|6|1|75
Paul Skenes|PIT|134.7|9|0|0|3.88|1.12|166|14|10|58|114|37|9|553
Braxton Ashcraft|PIT|141.3|12|0|0|3.88|1.11|155|20|11|61|124|33|7|574
Greg Weissert|BOS|46.3|3|1|6|3.88|1.23|45|7|0|20|42|15|2|195
Chase Dollander|COL|44.0|3|0|0|3.89|1.3|47|6|1|19|39|18|3|189
Caleb Ferguson|STL|27.7|1|1|4|3.9|1.66|25|3|0|12|29|17|0|126
Joey Cantillo|CLE|119.7|8|0|0|3.91|1.48|132|15|4|52|121|56|2|522
Drew Anderson|DET|71.3|4|2|6|3.91|1.3|82|10|0|31|66|27|4|306
Blas Castaño|COL|20.7|1|0|0|3.92|1.35|17|4|0|9|22|6|2|85
Victor Mederos|ATL|18.3|2|1|0|3.93|1.15|17|1|0|8|14|7|2|78
Ryan Zeferjahn|CHC|55.0|4|4|11|3.93|1.24|79|6|0|24|35|33|9|241
Shane Drohan|MIL|98.3|6|1|2|3.94|1.24|98|9|5|43|91|31|3|412
Dietrich Enns|BAL|16.0|3|0|0|3.94|1.5|13|0|0|7|13|11|0|70
Mason Fluharty|TOR|48.0|5|1|12|3.94|1.31|55|6|0|21|43|20|1|204
Brett Kerry|LAA|13.7|0|0|0|3.95|0.95|12|1|0|6|11|2|0|54
Tyler Kinley|ATL|41.0|6|1|11|3.95|1.24|40|8|0|18|33|18|1|169
Brent Suter|ATL|68.3|1|0|3|3.95|1.27|59|7|0|30|68|19|1|285
Jacob deGrom|TEX|120.7|8|0|0|3.95|1.17|147|17|8|53|110|31|0|498
Anthony Kay|CHW|116.0|9|0|0|3.96|1.34|94|15|5|51|113|43|21|519
Bryan King|HOU|50.0|2|6|12|3.96|1.38|41|7|0|22|50|19|5|220
Trevor Martin|TBR|11.3|0|0|0|3.97|1.59|7|4|0|5|14|4|2|54
Lake Bachar|PIT|65.7|1|2|1|3.97|1.08|68|12|0|29|48|23|4|270
Taj Bradley|MIN|135.7|9|0|0|3.98|1.29|151|19|11|60|116|59|3|579
Mick Abel|MIN|20.3|1|0|0|3.98|1.57|23|0|2|9|22|10|3|93
Tanner Bibee|CLE|144.3|4|0|0|3.99|1.13|114|23|14|64|123|40|5|586
Reid Detmers|LAA|135.0|3|0|0|4.0|1.1|156|17|9|60|106|43|4|554
Cole Wilcox|SEA|27.0|0|0|0|4.0|1.63|28|2|0|12|27|17|2|123
Shane Baz|BAL|139.3|4|0|0|4.0|1.36|122|10|10|62|143|47|3|598
Casey Legumina|TBR|51.7|2|0|7|4.01|1.24|35|4|0|23|51|13|7|218
Nick Davila|SEA|24.7|0|1|2|4.01|1.18|11|2|0|11|18|11|3|102
Antonio Senzatela|MIL|56.0|9|3|6|4.02|1.32|49|5|0|25|56|18|2|236
Brad Keller|PHI|31.3|2|3|13|4.02|1.34|32|4|0|14|29|13|2|135
Bryce Elder|ATL|131.7|8|0|0|4.03|1.25|108|21|13|59|120|45|2|556
Owen Murphy|ATL|6.7|0|0|0|4.05|1.2|6|1|0|3|6|2|1|29
Josh Simpson|SEA|6.7|0|0|0|4.05|1.5|9|2|0|3|8|2|1|31
Ian Seymour|TBR|90.3|9|2|10|4.08|1.13|106|13|3|41|72|30|4|373
Kyle Hart|SDP|48.3|0|0|6|4.1|1.06|44|4|0|22|35|16|3|196
Tyler Davis|CHW|26.3|2|1|0|4.1|1.22|22|2|0|12|17|15|0|106
Emilio Pagán|CIN|26.3|4|14|0|4.1|1.1|29|4|0|12|21|8|3|110
Ryan Helsley|BAL|15.3|0|8|0|4.11|1.43|21|3|0|7|13|9|0|68
Kris Bubic|KCR|50.3|3|0|0|4.11|1.23|51|4|4|23|36|26|1|207
Sean Manaea|NYM|104.7|4|0|0|4.13|1.32|106|14|6|48|103|35|12|454
Andrew Abbott|CIN|133.0|6|0|0|4.13|1.42|102|17|10|61|125|64|0|578
Dustin May|MIL|122.0|6|0|0|4.13|1.25|117|9|12|56|112|40|8|507
Sam Bachman|LAA|45.7|1|1|17|4.14|1.34|46|6|0|21|34|27|3|198
Albert Suárez|BAL|50.0|2|1|0|4.14|1.3|33|7|0|23|46|19|0|211
Bryan Woo|SEA|132.3|8|0|0|4.15|1.1|132|13|12|61|118|28|6|541
Enyel De Los Santos|HOU|56.3|1|5|9|4.15|1.17|53|7|0|26|53|13|0|231
John Klein|MIN|4.3|0|0|0|4.15|1.62|2|1|0|2|3|4|0|19
AJ Smith-Shawver|ATL|4.3|0|0|0|4.15|1.38|4|0|0|2|4|2|0|19
Randy Vásquez|SDP|106.0|8|0|1|4.16|1.37|66|15|5|49|114|31|4|451
Luis Severino|ATH|62.7|2|0|0|4.16|1.47|65|9|3|29|61|31|2|271
Mitch Farris|LAA|47.3|1|1|1|4.18|1.52|49|9|0|22|49|23|1|204
Bryan Abreu|HOU|43.0|4|7|8|4.19|1.37|57|7|0|20|29|30|3|185
Chris Murphy|CHW|30.0|3|1|1|4.2|1.37|29|2|0|14|26|15|4|132
Nathan Eovaldi|TEX|132.7|10|0|0|4.21|1.21|137|24|11|62|128|32|7|555
Ethan Roberts|CHC|25.7|0|0|0|4.21|1.4|17|3|0|12|22|14|3|110
Trevor Rogers|BAL|119.7|7|0|0|4.21|1.25|102|12|10|56|115|34|3|503
Landen Roupp|SFG|123.7|7|0|0|4.22|1.29|123|9|10|58|103|57|4|522
Matt Festa|CLE|49.0|2|1|7|4.22|1.41|53|6|0|23|54|15|5|219
Camilo Doval|PIT|44.7|3|1|5|4.23|1.39|45|7|0|21|40|22|2|198
Bubba Chandler|PIT|116.3|5|0|0|4.26|1.38|103|10|4|55|98|62|5|508
Steven Cruz|KCR|44.3|2|3|4|4.26|1.22|50|11|0|21|36|18|2|185
Calvin Faucher|MIA|50.7|5|1|13|4.26|1.46|57|1|0|24|43|31|3|224
Framber Valdez|DET|133.0|7|0|0|4.26|1.39|106|13|12|63|135|50|13|587
Mark Leiter Jr.|ATH|33.7|0|4|5|4.28|1.31|38|2|0|16|33|11|4|144
Adrian Houser|SFG|103.0|3|0|1|4.28|1.32|70|15|3|49|104|32|4|443
Tim Hill|NYY|46.0|4|1|9|4.3|1.13|21|9|0|22|41|11|5|188
Joey Gerber|NYM|8.3|0|0|0|4.32|1.2|8|1|0|4|6|4|0|34
Davis Martin|CHW|125.0|9|0|0|4.32|1.33|111|12|10|60|127|39|9|530
Kai-Wei Teng|HOU|68.3|5|0|3|4.35|1.35|67|10|2|33|62|30|11|301
Luis Mey|CIN|14.3|0|0|1|4.4|1.33|22|2|0|7|9|10|3|64
Ryan Watson|LAA|57.3|1|1|2|4.4|1.31|44|8|0|28|56|19|3|248
Seth Lugo|KCR|134.7|5|0|0|4.41|1.37|104|16|14|66|139|46|6|572
Janson Junk|MIA|87.7|6|0|0|4.41|1.32|64|12|3|43|92|24|1|373
Will Warren|NYY|118.0|8|0|1|4.42|1.41|117|18|6|58|125|41|3|517
Jose Franco|CIN|20.3|1|0|1|4.43|1.72|15|3|0|10|19|16|0|93
Ryan Thompson|ARI|40.7|4|0|7|4.43|1.57|29|3|0|20|51|13|3|186
MacKenzie Gore|TEX|134.0|6|0|0|4.43|1.24|149|17|8|66|117|49|6|570
Tomoyuki Sugano|COL|113.7|12|0|0|4.43|1.25|66|24|7|56|116|26|2|474
Cade Povich|BAL|28.3|2|0|0|4.45|1.41|21|5|2|14|30|10|1|120
Noah Cameron|KCR|129.3|6|0|0|4.45|1.29|118|14|7|64|125|42|3|551
Anthony Banda|MIN|34.3|2|2|10|4.46|1.34|33|3|0|17|31|15|8|156
Gage Jump|ATH|72.7|5|0|0|4.46|1.46|84|7|5|36|73|33|3|315
Kumar Rocker|TEX|111.0|4|0|0|4.46|1.38|103|16|6|55|111|42|3|481
Roki Sasaki|LAD|111.0|5|0|0|4.46|1.29|108|21|7|55|98|45|5|471
Kyle Hurt|LAD|38.3|3|1|9|4.46|1.38|46|4|0|19|32|21|1|166
Ryne Stanek|STL|46.3|2|1|22|4.47|1.47|49|8|0|23|41|27|1|203
Luisangel Acuña|CHW|2.0|0|0|0|4.5|1.5|0|1|0|1|2|1|0|9
Danny Coulombe|BOS|22.0|0|0|7|4.5|1.5|10|1|0|11|18|15|1|96
Jeff Criswell|COL|4.0|0|0|0|4.5|1.75|3|2|0|2|4|3|0|18
Yovanny Cruz|WSH|8.0|0|0|1|4.5|1.63|9|1|0|4|8|5|1|36
Duncan Davitt|CHW|2.0|0|0|0|4.5|1.5|1|1|0|1|2|1|0|8
Daniel Espino|CLE|6.0|0|0|0|4.5|1.5|12|1|0|3|5|4|0|27
Dax Fulton|MIA|14.0|0|0|0|4.5|1.36|12|0|0|7|9|10|0|57
Seth Halvorsen|LAD|20.0|1|0|2|4.5|1.9|17|3|0|10|22|16|0|100
Stephen Kolek|KCR|54.0|4|0|0|4.5|1.24|34|8|5|27|55|12|2|224
Alex McFarlane|PHI|2.0|0|0|0|4.5|1.5|1|0|0|1|2|1|0|9
Sam Moll|CIN|48.0|1|1|6|4.5|1.48|49|5|0|24|44|27|5|218
David Morgan|SDP|22.0|2|0|1|4.5|1.77|26|2|0|11|26|13|3|105
Doug Nikhazy|CHW|2.0|0|0|0|4.5|1.5|1|0|0|1|1|2|0|9
Nick Pivetta|SDP|16.0|1|0|0|4.5|1.13|24|0|0|8|12|6|0|66
JR Ritchie|ATL|58.0|1|1|2|4.5|1.43|53|9|1|29|47|36|5|256
Lucas Sims|CHW|10.0|0|0|2|4.5|1.6|10|1|0|5|9|7|1|46
Erick Fedde|CHW|109.7|6|0|0|4.51|1.41|77|22|1|55|115|40|3|479
Kevin Gausman|CHC|139.0|6|0|0|4.53|1.27|138|17|12|70|139|38|1|588
Seranthony Domínguez|SEA|41.7|4|12|4|4.54|1.46|50|8|0|21|34|27|2|184
Mason Englert|TBR|35.7|0|1|0|4.54|1.43|32|9|0|18|43|8|1|157
Robert Gasser|MIL|67.0|3|0|0|4.57|1.22|61|11|3|34|64|18|7|286
Colin Rea|CHC|121.7|8|1|0|4.59|1.36|90|19|5|62|123|43|7|527
Jack Flaherty|DET|86.3|3|0|0|4.59|1.41|102|11|2|44|80|42|7|389
Justin Slaten|BOS|31.3|2|0|17|4.6|1.37|39|4|0|16|35|8|0|137
Anthony Nunez|BAL|45.0|3|3|6|4.6|1.33|46|5|0|23|38|22|2|196
Spencer Arrighetti|HOU|88.0|7|0|0|4.6|1.34|87|12|6|45|68|50|14|386
Pierce Johnson|CIN|35.0|2|1|7|4.63|1.29|32|6|0|18|32|13|0|149
Austin Warren|NYM|35.0|1|0|0|4.63|1.49|37|5|0|18|34|18|3|157
Bailey Ober|MIN|99.0|7|0|0|4.64|1.23|67|17|6|51|97|25|2|415
Tyler Mahle|ATL|106.7|4|0|0|4.64|1.32|105|15|5|55|102|39|2|448
Codi Heuer|CLE|9.7|0|0|1|4.66|1.76|6|0|0|5|12|5|1|46
Devin Williams|NYM|38.7|3|16|0|4.66|1.66|51|3|0|20|43|21|0|178
Brady Singer|CIN|119.7|5|0|0|4.66|1.43|100|22|9|62|131|40|8|530
Eric Lauer|LAD|98.3|7|0|0|4.67|1.24|63|22|6|51|91|31|4|416
Drey Jameson|ARI|17.3|0|0|0|4.67|1.44|13|1|0|9|16|9|1|76
Craig Kimbrel|KCR|34.7|0|0|1|4.67|1.33|32|4|0|18|29|17|2|147
JP Sears|SDP|32.7|3|0|0|4.68|1.35|25|6|0|17|33|11|2|143
Domingo Gonzalez|SEA|7.7|0|0|0|4.7|1.83|5|1|0|4|9|5|0|36
Zach McCambley|CIN|7.7|0|0|0|4.7|1.96|7|0|0|4|9|6|1|39
Jonathan Pintaro|NYM|15.3|0|0|0|4.7|0.98|16|3|0|8|8|7|2|62
Tayler Saucedo|LAA|7.7|0|0|3|4.7|1.43|10|1|0|4|9|2|1|34
Mike Paredes|MIN|34.3|0|0|0|4.72|1.43|19|6|0|18|36|13|3|154
Chase Shugart|PHI|40.0|2|0|0|4.73|1.3|47|9|0|21|36|16|4|171
Brady Basso|ATH|19.0|0|0|2|4.74|1.47|16|2|0|10|25|3|0|85
Elmer Rodríguez|NYY|17.0|0|0|0|4.76|1.76|10|1|0|9|19|11|3|83
CJ Van Eyk|TOR|5.7|0|0|0|4.76|2.12|1|1|0|3|11|1|1|31
Zack Littell|ARI|117.0|8|0|0|4.77|1.32|72|25|1|62|117|37|3|496
Ryan Gusto|MIA|49.0|0|0|1|4.78|1.33|43|6|1|26|51|14|2|216
Robby Ahlstrom|TEX|26.3|3|0|6|4.78|1.22|22|2|0|14|24|8|2|110
Connor Prielipp|MIN|82.7|3|0|0|4.79|1.32|88|11|3|44|77|32|5|356
Elvis Alvarado|ATH|37.3|4|2|5|4.82|1.23|46|8|0|20|28|18|2|153
Chase Petty|CIN|31.7|1|1|0|4.83|1.26|15|6|0|17|31|9|3|139
Joel Kuhnel|MIL|35.3|1|6|5|4.84|1.47|22|6|0|19|40|12|4|157
Cole Ragans|KCR|35.3|1|0|0|4.84|1.42|45|10|3|19|27|23|0|151
Brayan Bello|BOS|83.7|4|1|0|4.84|1.43|64|11|1|45|93|27|3|366
Cole Sulser|TBR|46.3|1|2|11|4.86|1.32|48|6|0|25|47|14|0|197
Cody Laweryson|MIN|16.7|1|1|2|4.86|1.38|18|3|0|9|15|8|2|78
Nick Lodolo|CIN|66.7|3|0|0|4.86|1.46|55|12|3|36|70|27|10|297
Walker Buehler|SDP|114.3|7|0|0|4.88|1.43|100|14|4|62|116|47|5|497
Shawn Armstrong|CLE|33.0|2|0|8|4.91|1.45|33|4|0|18|29|19|2|146
Caleb Kilian|PHI|47.7|4|8|4|4.91|1.36|56|6|0|26|43|22|1|209
Adam Macko|TOR|22.0|2|0|4|4.91|1.55|23|3|0|12|24|10|3|99
Bryse Wilson|MIL|25.7|0|0|0|4.91|1.44|20|3|0|14|35|2|2|113
Isaac Mattson|PIT|34.7|0|0|8|4.93|1.56|33|3|0|19|38|16|1|156
Ryan Borucki|SFG|23.7|1|0|1|4.94|1.52|15|3|0|13|27|9|2|104
Kyle Backhus|PHI|20.0|2|0|1|4.95|1.55|20|3|0|11|25|6|2|94
Luis Castillo|CHW|110.7|4|0|1|4.96|1.35|101|17|5|61|114|35|5|484
Ryne Nelson|ARI|83.3|3|0|0|4.97|1.24|62|18|6|46|81|22|5|355
Cionel Pérez|NYM|41.7|4|0|5|4.97|1.44|41|7|0|23|44|16|0|181
Max Rajcic|STL|9.0|0|0|0|5.0|1.33|8|1|0|5|6|6|0|39
Blake Snell|LAD|9.0|0|0|0|5.0|1.33|15|0|1|5|9|3|0|40
Jared Jones|PIT|59.0|2|0|0|5.03|1.2|65|10|3|33|52|19|2|249
Aaron Civale|CHC|87.3|5|1|0|5.05|1.56|68|17|1|49|111|25|2|394
Wilber Dotel|PIT|26.7|1|0|2|5.06|1.43|29|2|0|15|27|11|0|116
Brenan Hanifee|DET|21.3|0|0|3|5.06|1.45|10|5|0|12|24|7|1|93
Jaden Hill|COL|26.7|0|2|11|5.06|1.65|28|2|0|15|27|17|3|127
Slade Cecconi|CLE|110.0|4|0|0|5.07|1.5|88|17|5|62|128|37|3|488
Sam Aldegheri|LAA|33.7|3|0|0|5.08|1.43|22|5|0|19|31|17|1|151
Gavin Collyer|TEX|23.0|1|0|0|5.09|1.48|22|1|0|13|15|19|6|105
Edward Cabrera|CHC|72.3|5|0|0|5.1|1.4|65|14|4|41|72|29|1|309
Craig Yoho|CLE|24.7|2|0|1|5.11|1.09|22|5|0|14|15|12|3|103
Merrill Kelly|ARI|125.0|8|0|0|5.11|1.48|82|25|7|71|132|53|3|542
Taylor Rogers|MIN|44.0|6|2|9|5.11|1.64|39|3|0|25|51|21|3|203
Trevor McDonald|SFG|70.3|3|0|0|5.12|1.31|57|7|5|40|69|23|12|310
Nick Mears|KCR|19.3|2|0|5|5.12|1.5|15|2|0|11|18|11|0|83
Eli Morgan|KCR|19.3|0|1|0|5.12|1.71|16|5|0|11|24|9|2|91
Michael Grove|TBR|7.0|1|0|0|5.14|1.0|6|3|0|4|7|0|0|28
Matt Pushard|STL|7.0|0|0|0|5.14|1.43|6|0|0|4|6|4|1|32
Brett Sullivan|COL|7.0|0|0|0|5.14|1.71|1|1|0|4|10|2|0|31
Matthew Liberatore|STL|113.7|5|0|0|5.15|1.52|110|20|5|65|130|43|5|500
Rhett Lowder|CIN|94.3|4|0|0|5.15|1.48|77|12|5|54|100|40|4|423
Lucas Giolito|SDP|29.7|2|0|0|5.16|1.85|18|4|0|17|32|23|1|138
Andrew Nardi|MIA|22.7|3|0|8|5.16|1.41|27|4|0|13|21|11|1|99
Joe Boyle|TBR|15.7|0|0|0|5.17|1.09|16|1|1|9|11|6|0|66
Michael Rucker|SEA|24.3|0|0|1|5.18|1.4|29|3|0|14|25|9|1|107
Christian Roa|HOU|8.7|0|0|0|5.19|1.96|6|1|0|5|10|7|3|43
José Suarez|ATH|58.7|1|1|3|5.22|1.5|60|6|0|34|63|25|3|258
Peyton Pallette|CLE|20.7|1|0|1|5.23|1.6|22|2|0|12|17|16|3|97
Tony Santillan|CIN|31.0|1|5|11|5.23|1.39|28|9|0|18|29|14|0|134
Dean Kremer|MIN|48.0|2|0|0|5.25|1.17|47|12|3|28|42|14|0|194
Connor Seabold|KCR|24.0|1|0|1|5.25|1.71|20|2|0|14|30|11|3|115
Germán Márquez|SDP|53.0|4|1|0|5.26|1.49|37|14|0|31|55|24|2|236
Jose Quintana|COL|41.0|2|0|0|5.27|1.51|20|6|1|24|45|17|1|181
Brandon Sproat|MIL|95.7|3|0|0|5.27|1.42|100|17|4|56|88|48|9|414
Victor Vodnik|MIA|41.0|3|4|5|5.27|1.66|31|3|0|24|46|22|2|187
Chris Bassitt|BAL|56.3|4|0|0|5.27|1.63|37|6|2|33|70|22|8|261
Connor Brogdon|CLE|15.3|2|1|4|5.28|1.11|14|5|0|9|14|3|0|67
Alex Hoppe|BAL|30.7|0|0|2|5.28|1.37|35|2|0|18|30|12|1|135
Emmet Sheehan|LAD|95.3|4|0|0|5.29|1.29|108|20|5|56|93|30|8|412
Jack Leiter|TEX|80.0|3|0|0|5.29|1.44|83|14|2|47|80|35|4|355
Tatsuya Imai|HOU|64.7|6|0|0|5.29|1.47|80|9|5|38|53|42|4|288
Mitch Keller|PIT|115.7|6|0|0|5.29|1.37|89|15|9|68|117|42|8|503
Tyler Ferguson|CHC|17.0|0|0|4|5.29|0.94|20|5|0|10|14|2|3|70
Caleb Thielbar|CHC|35.7|3|3|7|5.3|1.35|44|10|0|21|35|13|0|154
Coleman Crow|MIL|18.7|0|0|0|5.3|1.45|10|2|0|11|21|6|1|85
Spencer Strider|ATL|39.0|4|0|0|5.31|1.36|46|9|2|23|33|20|1|165
Freddy Peralta|TBR|123.3|5|0|0|5.33|1.5|121|20|5|73|135|50|5|555
Aaron Nola|PHI|130.0|4|0|0|5.33|1.45|138|30|7|77|143|46|1|567
Zebby Matthews|MIN|91.0|6|0|0|5.34|1.35|77|18|8|54|93|30|3|387
David Peterson|CHC|111.0|7|1|1|5.35|1.54|94|11|2|66|125|46|3|503
Ron Marinaccio|CIN|55.3|1|0|1|5.37|1.46|44|10|0|33|58|23|6|243
Jacob Lopez|ATH|82.0|5|0|1|5.38|1.56|75|14|1|49|84|44|3|372
Cody Bolton|HOU|20.0|0|1|0|5.4|1.75|22|3|0|12|21|14|1|95
Riley Cornelio|WSH|20.0|2|0|0|5.4|1.85|20|1|0|12|17|20|0|96
Adrian Del Castillo|ARI|1.7|0|0|0|5.4|2.4|0|0|0|1|4|0|1|10
Kohl Drake|ARI|16.7|0|0|0|5.4|1.56|13|3|0|10|20|6|3|77
Alek Jacob|SDP|5.0|1|0|0|5.4|1.4|6|1|0|3|5|2|1|23
Anthony Molina|ATL|5.0|0|0|0|5.4|1.4|2|1|0|3|6|1|0|21
Dylan Moore|PHI|1.7|0|0|0|5.4|1.2|0|0|0|1|1|1|1|8
Robby Snelling|MIA|5.0|0|0|0|5.4|1.8|2|1|0|3|5|4|0|22
Hunter Stratton|PIT|3.3|0|0|0|5.4|1.8|3|0|0|2|6|0|0|15
Peter Strzelecki|STL|6.7|0|0|0|5.4|1.2|2|0|0|4|5|3|1|27
Garrett Stubbs|PHI|3.3|0|0|0|5.4|1.5|0|0|0|2|4|1|0|15
Miguel Ullola|HOU|5.0|0|0|0|5.4|1.0|7|2|0|3|4|1|0|20
Bruce Zimmermann|STL|5.0|0|0|0|5.4|1.4|2|0|0|3|6|1|0|21
Juan Mejia|COL|51.3|3|4|8|5.44|1.6|50|4|0|31|52|30|2|232
Steven Matz|TBR|62.7|5|1|1|5.46|1.23|48|12|3|38|57|20|2|265
Shane Bieber|TOR|42.7|3|0|0|5.48|1.66|32|9|2|26|48|23|0|195
Cade Gibson|MIA|32.7|2|0|4|5.51|1.53|29|2|0|20|34|16|6|151
Patrick Corbin|TOR|80.0|3|1|0|5.51|1.54|63|12|1|49|98|25|6|360
George Klassen|LAA|14.7|1|0|0|5.52|2.11|14|2|1|9|16|15|1|76
Luinder Avila|KCR|70.0|5|0|0|5.53|1.61|61|7|1|43|71|42|2|309
Connor Phillips|CIN|27.7|1|1|5|5.53|1.77|28|3|0|17|21|28|3|133
Lazaro Estrada|TOR|13.0|1|1|0|5.54|1.38|9|2|0|8|8|10|1|57
Ryan Feltner|COL|87.0|5|0|0|5.59|1.48|61|18|5|54|93|36|1|382
Drew Pomeranz|CHC|29.0|2|0|8|5.59|1.66|17|7|0|18|32|16|2|135
Matt Gage|SFG|27.3|4|1|5|5.6|1.65|22|6|0|17|28|17|1|126
Jose Cabrera|ARI|17.7|0|0|0|5.6|1.53|12|3|0|11|20|7|2|81
Gabriel Hughes|COL|33.7|0|1|0|5.61|1.28|31|2|1|21|31|12|2|143
Jason Foley|SFG|8.0|0|0|0|5.63|1.5|5|1|0|5|8|4|0|36
Max Lazar|PHI|8.0|0|0|0|5.63|1.38|5|3|0|5|8|3|0|35
Eric Orze|MIN|41.3|2|1|7|5.66|1.52|36|1|0|26|42|21|2|189
Jameson Taillon|TOR|84.0|2|0|0|5.68|1.37|75|26|4|53|83|32|2|362
Keegan Akin|BAL|25.3|0|0|0|5.68|1.5|17|3|0|16|29|9|0|114
Wyatt Mills|LAD|6.3|0|0|0|5.68|2.21|5|0|0|4|5|9|2|36
Evan Phillips|LAD|11.0|0|0|2|5.73|1.45|12|4|0|7|13|3|0|49
Grant Wolfram|BAL|36.0|4|1|12|5.75|1.47|42|3|0|23|40|13|4|164
Zach Agnos|COL|68.7|0|2|0|5.77|1.47|43|8|0|44|76|25|5|305
Jake Bird|WSH|32.7|1|0|7|5.79|1.47|34|5|0|21|37|11|5|147
Jake Irvin|WSH|65.3|2|0|0|5.79|1.32|66|11|0|42|58|28|7|286
Yusei Kikuchi|LAA|31.0|0|0|0|5.81|1.58|33|3|1|20|35|14|1|142
Miles Mikolas|WSH|116.0|3|0|0|5.82|1.38|58|27|0|75|137|23|2|498
Yaramil Hiraldo|BAL|7.7|1|0|0|5.87|1.7|13|2|0|5|7|6|1|37
Landon Knack|LAD|7.7|0|1|0|5.87|1.3|6|4|0|5|8|2|1|35
Tanner Gordon|COL|67.3|0|0|0|5.88|1.49|58|15|0|44|87|13|2|297
Alan Rangel|PHI|26.0|0|0|1|5.88|1.69|29|4|0|17|31|13|2|123
Travis Adams|MIN|38.0|2|2|1|5.92|1.47|43|6|0|25|39|17|0|168
Carlos Carrasco|ATL|16.7|0|0|0|5.94|1.44|7|3|0|11|21|3|2|73
Jordan Romano|COL|19.7|0|12|1|5.95|1.78|26|1|0|13|22|13|1|95
Cole Winn|TEX|42.3|5|1|9|5.95|1.49|42|7|0|28|48|15|1|190
Mike Burrows|HOU|94.7|4|0|0|5.99|1.55|75|21|4|63|112|35|4|423
Brycen Mautz|STL|3.0|0|0|0|6.0|2.0|2|0|0|2|4|2|0|14
Thomas Pannone|MIL|3.0|0|0|0|6.0|1.67|2|1|0|2|3|2|0|14
Chase Solesky|TBR|3.0|0|0|1|6.0|2.33|4|1|0|2|6|1|0|17
Lucas Erceg|KCR|43.3|4|12|4|6.02|1.82|31|5|0|29|52|27|6|205
Pete Fairbanks|MIA|37.3|3|18|2|6.03|1.31|51|8|0|25|33|16|3|163
Dennis Santana|PIT|41.7|2|2|5|6.05|1.51|37|8|0|28|42|21|2|186
Luis Gil|NYY|19.3|1|0|0|6.05|1.34|9|6|1|13|15|11|3|85
Noah Schultz|CHW|65.3|3|0|0|6.06|1.42|59|9|2|44|62|31|8|291
Philip Abner|ARI|13.3|0|0|0|6.08|1.58|6|2|0|9|13|8|0|60
Geoff Hartlieb|ATH|13.3|1|0|1|6.08|1.95|6|1|0|9|17|9|0|64
Will Vest|DET|26.7|3|2|7|6.08|1.43|27|2|0|18|28|10|2|116
Carson Whisenhunt|SFG|28.0|3|0|0|6.11|1.71|22|4|0|19|30|18|1|130
Brandon Williamson|CIN|28.0|2|0|0|6.11|1.64|19|4|1|19|26|20|3|128
Justin Sterner|ATH|42.7|2|1|12|6.12|1.38|40|11|0|29|46|13|0|184
José Alvarado|PHI|44.0|3|1|10|6.14|1.59|56|4|0|30|48|22|8|208
Antwone Kelly|PIT|7.3|0|0|0|6.14|1.64|4|2|0|5|8|4|0|32
Mason Barnett|ATH|38.0|1|2|0|6.16|1.45|36|11|0|26|35|20|2|167
Jeffrey Springs|ATH|108.0|3|0|0|6.17|1.48|88|28|4|74|116|44|2|479
Alex Lange|KCR|46.7|1|10|2|6.17|1.56|49|5|0|32|47|26|5|211
Phil Maton|CHC|27.7|0|0|5|6.18|1.81|31|5|0|19|34|16|5|136
Jack Kochanowicz|LAA|64.0|2|0|0|6.19|1.58|47|7|5|44|65|36|5|296
Paul Sewald|ARI|39.0|2|24|0|6.23|1.1|44|12|0|27|34|9|2|163
Simeon Woods Richardson|TOR|60.7|2|0|0|6.23|1.75|33|9|1|42|73|33|2|278
Tobias Myers|NYM|46.0|0|1|3|6.26|1.39|33|9|0|32|51|13|0|198
Osvaldo Bido|CHW|18.7|2|1|0|6.27|1.34|11|3|0|13|15|10|4|81
Jordan Leasure|CHW|18.7|2|0|3|6.27|1.23|18|6|0|13|15|8|0|78
Andrew Painter|PHI|80.3|2|0|0|6.27|1.53|69|15|3|56|92|31|4|360
Zak Kent|WSH|14.3|0|0|0|6.28|1.74|11|3|0|10|18|7|0|69
Brandon Eisert|PIT|34.3|2|0|2|6.29|1.4|40|6|0|24|36|12|0|150
Garrett Crochet|BOS|30.0|3|0|0|6.3|1.47|37|5|3|21|33|11|4|138
Eduardo Rivera|BOS|10.0|0|0|0|6.3|1.4|10|1|0|7|8|6|0|44
Brandan Bidois|PIT|15.7|0|0|0|6.32|1.98|20|5|0|11|19|12|1|80
Zac Gallen|ARI|98.0|3|0|0|6.34|1.56|61|18|3|69|122|31|4|440
Jimmy Herget|COL|34.0|0|3|7|6.35|1.71|34|6|0|24|39|19|2|158
Chayce McDermott|NYM|5.7|1|0|0|6.35|1.24|4|2|0|4|5|2|0|25
Danny Young|ATL|11.3|0|0|4|6.35|2.12|12|2|0|8|13|11|3|58
Angel Zerpa|MIL|12.7|0|2|2|6.39|1.74|8|2|0|9|16|6|0|55
Paxton Schultz|WSH|32.3|1|1|0|6.4|1.7|32|5|0|23|43|12|1|153
Jonathan Hernández|LAD|22.3|0|0|0|6.45|1.43|18|4|0|16|20|12|0|98
Scott Barlow|ATH|33.3|2|2|10|6.48|1.35|29|7|0|24|26|19|7|152
Lance McCullers Jr.|MIL|44.0|2|0|1|6.55|1.55|48|7|2|32|41|27|2|195
Mitchell Parker|WSH|39.7|3|1|7|6.58|1.49|34|9|0|29|46|13|2|178
Max Scherzer|TOR|41.0|1|0|0|6.59|1.46|31|11|3|30|43|17|1|181
Griffin Canning|SDP|71.0|3|0|0|6.59|1.56|71|13|1|52|78|33|3|316
Kyle Freeland|COL|112.7|3|0|0|6.63|1.5|96|21|3|83|143|26|6|509
Cristian Javier|HOU|32.3|1|0|0|6.68|1.7|25|6|1|24|39|16|2|149
Ryan Johnson|LAA|55.0|2|0|0|6.71|1.56|43|14|1|41|59|27|3|249
Beau Brieske|DET|9.3|0|0|0|6.75|1.39|8|3|0|7|9|4|0|39
Hunter Harvey|CHC|4.0|0|0|0|6.75|1.5|4|2|0|3|5|1|0|18
Austin Hedges|CLE|2.7|0|0|0|6.75|1.5|1|0|0|2|4|0|0|12
Seth Johnson|ATH|20.0|1|0|0|6.75|1.95|25|3|0|15|22|17|1|101
Jackson Kent|WSH|4.0|0|0|0|6.75|2.0|6|0|0|3|3|5|0|19
Ildemaro Vargas|ARI|2.7|0|0|0|6.75|1.88|0|0|0|2|2|3|1|13
Ken Waldichuk|WSH|9.3|0|0|0|6.75|1.5|8|4|0|7|8|6|1|41
Chris Paddack|TEX|57.0|0|0|0|6.79|1.67|40|9|1|43|76|19|2|267
Gus Varland|WSH|31.7|1|6|6|6.82|1.83|30|7|0|24|43|15|0|151
Michael Lorenzen|COL|112.0|3|0|0|6.83|1.88|81|18|2|85|164|46|5|543
Hunter Greene|CIN|27.7|2|0|0|6.83|1.37|33|4|2|21|29|9|0|121
Luis Gastelum|STL|15.7|2|0|1|6.89|1.4|15|5|0|12|16|6|1|67
Cam Sanders|BAL|14.3|1|1|0|6.91|1.67|17|1|0|11|14|10|1|68
Charlie Barnes|LAD|13.0|0|0|0|6.92|1.85|6|3|0|10|17|7|1|63
David Sandlin|CHW|24.7|2|0|0|6.93|1.38|24|6|2|19|22|12|1|106
Hunter Bigge|TBR|19.3|1|0|5|6.98|1.45|14|1|0|15|14|14|0|85
Ronel Blanco|HOU|19.3|0|0|0|6.98|1.34|17|6|0|15|15|11|1|81
Tristan Beck|SFG|14.0|0|1|0|7.07|1.57|6|2|0|11|17|5|1|64
Tanner Banks|PHI|29.0|0|0|2|7.14|2.0|32|7|0|23|45|13|0|146
Jake Woodford|CHC|26.3|1|1|0|7.18|1.78|23|4|0|21|40|7|0|126
Grayson Rodriguez|LAA|55.0|3|0|0|7.2|1.62|50|9|1|44|63|26|5|254
Matt Svanson|STL|43.3|2|0|2|7.27|1.75|41|5|0|35|55|21|2|207
Jack Perkins|ATH|81.7|2|3|2|7.27|1.52|94|16|0|66|92|32|8|376
Hayden Juenger|ATH|12.3|0|0|0|7.3|2.03|6|0|0|10|19|6|1|61
Matt Strahm|KCR|35.7|3|0|13|7.32|1.49|30|12|0|29|39|14|2|161
Justin Lawrence|WSH|34.3|0|1|2|7.34|1.95|43|9|0|28|39|28|6|177
Hunter Barco|PIT|14.7|0|0|1|7.36|2.11|10|3|0|12|19|12|2|75
Alex Cook|TBR|3.7|0|0|0|7.36|1.64|2|1|0|3|4|2|0|17
Trey Gibson|BAL|33.0|1|0|0|7.36|1.91|30|7|0|27|38|25|1|161
Sammy Peralta|LAA|3.7|0|0|0|7.36|1.36|6|1|0|3|3|2|2|18
Nick Raquet|BAL|3.7|0|0|0|7.36|1.36|1|1|0|3|3|2|1|17
Carson Seymour|SFG|11.0|0|0|2|7.36|1.91|6|2|0|9|15|6|1|52
Matt Waldron|TOR|35.0|1|0|1|7.46|1.6|30|7|0|29|46|10|2|159
Brandon Leibrandt|CIN|6.0|0|0|0|7.5|2.17|3|2|0|5|10|3|0|30
Ryan Walker|SFG|26.3|0|3|3|7.52|1.82|19|4|0|22|33|15|1|125
Valente Bellozo|COL|10.7|0|0|0|7.59|1.59|8|5|0|9|10|7|1|48
Ryan Weiss|HOU|26.0|0|0|0|7.62|2.12|30|8|0|22|35|20|0|131
Shaun Anderson|LAA|20.0|2|0|0|7.65|1.75|17|4|0|17|25|10|1|93
Chris Devenski|PIT|2.3|0|0|0|7.71|2.14|3|1|0|2|5|0|0|12
Ian Hamilton|ATL|4.7|0|0|0|7.71|1.93|4|0|0|4|6|3|0|23
Andrew Hoffmann|ARI|11.7|1|0|0|7.71|2.06|12|3|0|10|16|8|1|59
Carson Palmquist|WSH|16.3|0|0|0|7.71|1.78|15|1|0|14|21|8|3|78
Yariel Rodríguez|TOR|9.3|0|0|1|7.71|2.04|6|2|0|8|12|7|1|45
Luis Torrens|NYM|2.3|0|0|0|7.71|1.71|0|2|0|2|4|0|0|11
Chase Lee|TOR|8.0|1|1|0|7.88|2.0|2|3|0|7|8|8|0|37
Cole Henry|WSH|13.7|0|0|0|7.9|1.76|15|4|0|12|17|7|3|70
Tommy Kahnle|BOS|9.0|0|0|0|8.0|2.0|5|2|0|8|12|6|0|43
Justin Topa|MIN|19.0|0|2|4|8.05|2.0|12|4|0|17|27|11|1|92
J.P. France|HOU|6.7|0|0|0|8.1|1.65|4|1|0|6|6|5|1|31
Kodai Senga|NYM|47.7|0|1|0|8.12|1.7|57|12|1|43|47|34|2|221
Chad Dallas|TOR|7.7|1|0|1|8.22|2.09|6|1|0|7|10|6|0|39
Joel Payamps|ATL|7.7|0|0|2|8.22|1.7|9|2|0|7|9|4|0|36
Cole Sands|MIN|12.0|1|1|3|8.25|1.67|11|3|0|11|15|5|1|56
Keegan Thompson|COL|12.0|0|0|0|8.25|1.75|11|1|0|11|19|2|0|57
Joey Estes|ATH|4.3|0|0|0|8.31|1.38|4|1|0|4|5|1|0|18
Hurston Waldrep|ATL|10.7|0|0|1|8.44|2.16|9|3|0|10|13|10|2|56
José Urquidy|PIT|6.3|0|1|0|8.53|2.68|6|1|0|6|15|2|0|36
Easton McGee|KCR|7.3|0|0|0|8.59|2.18|7|2|0|7|12|4|0|35
Kyle Nicolas|CIN|7.3|1|0|0|8.59|2.86|7|1|0|7|8|13|0|42
Max Kranick|WSH|9.3|0|0|1|8.68|2.04|3|2|0|9|13|6|1|47
Sean Sullivan|COL|22.3|0|0|0|8.87|2.01|16|5|0|22|34|11|3|114
Orlando Arcia|MIN|1.0|0|0|0|9.0|3.0|0|0|0|1|1|2|0|5
Carlos Cortes|ATH|8.0|0|0|0|9.0|2.25|1|4|0|8|13|5|0|41
Cameron Foster|BAL|9.0|0|0|0|9.0|2.78|9|1|0|9|17|8|0|49
Nick Frasso|COL|3.0|0|0|0|9.0|1.67|3|0|0|3|5|0|0|14
Luis García|MIN|15.0|0|2|1|9.0|1.93|6|2|0|15|23|6|1|74
Woo-Suk Go|MIN|4.0|0|0|1|9.0|2.5|5|2|0|4|8|2|0|22
Cole Irvin|LAD|6.0|0|0|0|9.0|1.83|5|1|0|6|8|3|1|30
Nolan Kingham|TEX|1.0|0|0|0|9.0|3.0|1|0|0|1|1|2|0|6
Jared Koenig|MIL|7.0|0|0|1|9.0|2.71|7|1|0|7|12|7|1|41
Luke Little|CHC|1.0|0|0|0|9.0|2.0|1|1|0|1|2|0|0|5
Nicky Lopez|TEX|1.0|0|0|0|9.0|4.0|1|0|0|1|4|0|0|7
Chris Martin|TEX|14.0|1|0|1|9.0|1.93|9|4|0|14|25|2|1|66
Seth Martinez|BOS|1.0|0|0|0|9.0|2.0|1|0|0|1|2|0|1|6
César Salazar|HOU|1.0|0|0|0|9.0|1.0|0|1|0|1|1|0|0|4
Winston Santos|TEX|2.0|0|0|0|9.0|1.5|1|1|0|2|2|1|0|9
Jared Shuster|STL|9.0|0|0|0|9.0|1.89|4|1|0|9|11|6|0|44
Kade Strowd|ARI|1.0|0|0|0|9.0|4.0|1|0|0|1|1|3|0|7
Taijuan Walker|PHI|22.7|1|0|0|9.13|2.07|17|8|0|23|36|11|1|115
Chris Roycroft|TBR|20.7|1|1|0|9.15|2.03|16|7|0|21|31|11|3|106
Joe Ross|TEX|11.7|0|0|1|9.26|1.89|7|3|0|12|16|6|0|57
Jason Alexander|HOU|18.3|1|0|0|9.33|1.58|14|4|1|19|21|8|1|84
Jayden Murray|CHC|16.3|0|0|0|9.37|2.08|14|3|0|17|25|9|0|79
Brendan Beck|NYY|6.7|0|0|0|9.45|1.8|4|4|0|7|7|5|0|31
Reiver Sanmartin|SFG|6.7|1|0|1|9.45|1.95|7|3|0|7|11|2|0|32
TJ Shook|COL|5.7|0|0|0|9.53|1.94|6|3|0|6|10|1|0|27
Luis Curvelo|TEX|10.3|0|0|1|9.58|2.32|6|4|0|11|17|7|0|55
Ben Casparius|LAD|4.7|0|0|0|9.64|2.14|4|1|0|5|6|4|0|23
Andre Granillo|WSH|9.3|0|0|0|9.64|2.25|3|2|0|10|13|8|1|50
Alek Manoah|LAA|7.3|0|0|0|9.82|2.18|5|1|0|8|8|8|0|39
Johan Oviedo|BOS|3.7|0|0|0|9.82|1.91|3|2|0|4|6|1|1|18
Taylor Rashi|ARI|3.7|1|0|0|9.82|1.09|4|1|0|4|3|1|0|15
Zach Maxwell|CIN|10.0|0|1|1|9.9|2.4|9|3|0|11|14|10|0|54
Austin Voth|MIN|10.0|0|0|0|9.9|2.5|3|3|0|11|19|6|0|56
Brendon Little|TOR|15.3|0|0|3|9.98|2.35|22|4|0|17|21|15|0|76
Eric Cerantola|KCR|5.3|0|0|0|10.13|2.63|7|2|0|6|4|10|0|27
Tyler Heineman|LAA|5.3|0|0|0|10.13|1.88|0|2|0|6|9|1|0|26
Robert Stock|NYM|8.0|0|0|0|10.13|2.13|8|1|0|9|12|5|1|41
Aaron Bummer|KCR|16.7|1|0|5|10.26|2.1|13|7|0|19|24|11|1|88
Kolby Allard|CLE|8.7|0|0|0|10.38|2.19|9|2|0|10|16|3|1|45
John Brebbia|COL|4.3|0|0|0|10.38|1.62|2|2|0|5|7|0|0|21
Jordan Wicks|CHC|10.3|0|2|0|10.45|1.94|8|1|0|12|18|2|1|50
Jordan Montgomery|TEX|6.0|0|0|0|10.5|2.17|4|2|0|7|12|1|0|31
Matt Krook|WSH|8.3|0|0|2|10.8|2.28|9|2|0|10|9|10|2|46
Corbin Martin|CHC|5.0|0|1|0|10.8|2.0|4|2|0|6|5|5|0|25
Shane Smith|CHW|8.3|0|0|0|10.8|2.52|11|1|0|10|12|9|1|49
Emiliano Teodo|TEX|1.7|0|0|0|10.8|3.0|1|0|0|2|3|2|0|10
Jonathan Heasley|TBR|4.0|0|0|0|11.25|2.0|2|2|0|5|8|0|0|19
James McCann|ARI|4.0|0|0|0|11.25|3.0|0|1|0|5|9|3|0|23
Nick Sandlin|LAA|8.7|0|0|0|11.42|1.62|6|2|0|11|9|5|3|40
Edwin Díaz|LAD|11.7|2|6|0|11.57|2.49|18|3|0|15|21|8|1|65
Colton Gordon|HOU|9.3|0|0|0|11.57|2.57|11|6|0|12|21|3|1|50
Kade Morris|ATH|10.0|0|0|0|11.7|2.5|6|4|0|13|19|6|0|53
Josh Fleming|TOR|3.0|0|0|0|12.0|2.67|1|1|0|4|6|2|1|18
Justin Verlander|DET|3.7|0|0|0|12.27|2.18|1|1|0|5|6|2|0|19
Alex Jackson|MIN|2.0|0|0|0|13.5|2.0|0|2|0|3|3|1|0|10
Christian Koss|SFG|2.0|0|0|0|13.5|2.5|0|0|0|3|5|0|0|10
Joey Lucchesi|LAA|3.3|0|0|1|13.5|3.9|4|1|0|5|7|6|1|24
Luis Morales|ATH|16.0|0|0|0|13.5|2.56|13|7|0|24|27|14|1|90
Rolddy Muñoz|ATL|2.0|0|0|0|13.5|3.0|3|1|0|3|5|1|0|12
Lyon Richardson|MIL|3.3|0|0|0|13.5|1.5|4|2|0|5|2|3|1|16
Miguel Rojas|LAD|4.0|0|0|0|13.5|2.5|0|2|0|6|9|1|1|23
Javier Sanoja|MIA|4.7|0|0|0|13.5|2.57|1|2|0|7|11|1|1|27
Bailey Falter|KCR|9.7|0|0|0|13.97|3.1|6|4|0|15|24|6|0|57
Jose Trevino|CIN|5.0|0|0|0|14.4|3.0|1|0|0|8|14|1|1|29
Braxton Garrett|MIA|4.3|0|0|0|14.54|3.46|5|0|0|7|7|8|0|28
Andrew Wantz|CHC|3.7|0|0|0|14.73|2.18|1|1|0|6|5|3|2|20
Lou Trivino III|PHI|6.0|0|0|0|15.0|2.83|7|1|0|10|10|7|1|36
Weston Wilson|BAL|2.3|0|0|0|15.43|2.57|0|2|0|4|6|0|0|13
Ricky Vanasco|DET|6.3|0|0|1|15.63|3.16|4|2|0|11|14|6|0|40
Roddery Muñoz|HOU|4.0|0|0|0|15.75|3.25|6|3|0|7|7|6|0|25
Michael Kelly|ATH|5.0|0|0|0|16.2|3.6|6|1|0|9|12|6|0|32
Jorbit Vivas|WSH|2.7|0|0|0|16.88|3.38|0|1|0|5|8|1|1|18
Tyler Gilbert|CHW|3.7|0|0|0|17.18|3.0|3|2|0|7|7|4|0|22
Adam Frazier|LAA|2.0|0|0|0|18.0|4.5|0|1|0|4|7|2|0|14
Carson Kelly|CHC|1.0|0|0|0|18.0|2.0|0|2|0|2|2|0|0|5
Zach McKinstry|DET|1.0|0|0|0|18.0|5.0|0|0|0|2|2|3|0|8
Jedixson Paez|CHW|3.0|0|0|0|18.0|2.33|0|2|0|6|4|3|0|16
Chadwick Tromp|BAL|1.0|0|0|0|18.0|4.0|0|1|0|2|3|1|0|6
Dedniel Núñez|NYM|2.3|0|0|0|19.29|3.86|3|2|0|5|9|0|0|17
Jose Corniell|TEX|4.3|0|0|0|20.77|3.46|4|2|0|10|11|4|0|28
Kyle Higashioka|TEX|3.0|0|0|0|21.0|3.0|0|1|0|7|8|1|1|18
Mitch Spence|KCR|9.3|0|0|0|21.21|3.0|6|3|0|22|19|9|0|56
Connor Thomas|ATL|6.3|0|0|0|21.32|3.32|4|4|0|15|15|6|0|40
José Buttó|SFG|2.0|0|0|0|22.5|5.0|5|2|0|5|6|4|0|16
Wilkin Ramos|SFG|2.0|0|0|0|22.5|4.5|1|0|0|5|5|4|0|15
Joey Wiemer|WSH|2.0|0|0|0|22.5|4.5|0|1|0|5|7|2|1|16
Tyler Tolbert|KCR|4.7|0|0|0|25.07|4.29|0|4|0|13|17|3|1|33
Rodolfo Durán|SDP|3.0|0|0|0|27.0|3.33|0|2|0|9|9|1|0|19
Joe La Sorsa|BOS|0.3|0|0|0|27.0|3.0|1|1|0|1|1|0|0|2
Tanner McDougal|CHW|0.3|0|0|0|27.0|9.0|0|0|0|1|0|3|1|5
Victor Robles|SEA|1.0|0|0|0|27.0|6.0|0|0|0|3|5|1|0|9
Andrew Vaughn|MIL|1.0|0|0|0|27.0|5.0|1|1|0|3|3|2|0|8
Matt Seelinger|NYM|2.0|0|0|0|31.5|4.5|2|1|0|7|5|4|0|15
Yunior Tur|ATH|4.7|0|0|0|32.79|3.86|6|4|0|17|14|4|1|34
Ben Bowden|ATH|1.0|0|0|0|36.0|4.0|0|0|0|4|2|2|1|8
Buddy Kennedy|SFG|1.0|0|0|0|36.0|6.0|0|0|0|4|4|2|0|9
Yilber Díaz|DET|1.7|0|0|0|37.8|6.0|3|1|0|7|8|2|0|15
Jackson Rutledge|WSH|1.3|0|0|0|47.25|6.0|2|0|0|7|6|2|0|12
Josh White|MIA|0.7|0|0|0|67.5|7.5|1|1|0|5|1|4|1|8
Aaron Brooks|TBR|0.3|0|0|0|81.0|9.0|0|1|0|3|1|2|0|4
Trent Harris|SFG|0.3|0|0|0|81.0|9.0|0|0|0|3|3|0|0|4
Yunior Marte|CIN|0.3|0|0|0|108.0|12.0|1|0|0|4|3|1|1|6
Carlos Estévez|KCR|0.3|0|0|0|162.0|18.0|0|1|0|6|4|2|0|7
