name|barrel_pct|hard_hit_pct|woba|xwoba
Aramis Garcia|7.7|30.8|.202|.259
Spencer Horwitz|5.7|30.3|.319|.310
Nick Loftin|4.2|29.7|.315|.293
Nathan Church|5.3|30|.288|.283
Miguel Rojas|4.8|36.2|.306|.309
Edgar Quero|2.7|39.1|.251|.282
Jared Triolo|2.4|32.9|.278|.284
Rodolfo Durán|8.5|30.5|.236|.257
Heriberto Hernández|12.7|48.3|.329|.347
Kody Clemens|11.3|46.1|.327|.334
Yandy Díaz|7.1|48.1|.350|.346
José Caballero|4.2|25.6|.290|.278
Donovan Walton|4.8|31.6|.356|.322
Yoán Moncada|7.7|40.9|.281|.269
Buddy Kennedy|10.7|32.1|.185|.249
Ben Rortvedt|0|5.3|.165|.204
Blake Hunt|||.000|.000
Kyle Isbel|2.6|32.9|.262|.255
Jordan Beck|3.7|32.1|.248|.253
Yordan Alvarez|16|53.8|.429|.442
Luis Robert Jr.|9.9|40.4|.311|.321
Christian Koss|4|26.5|.251|.235
Josh Jung|7.2|49.2|.362|.348
Jorge Polanco|4|31|.196|.234
Mookie Betts|7.8|38|.338|.339
Isiah Kiner-Falefa|2.2|25.5|.290|.297
Tommy Troy|9.4|30.2|.285|.304
Justin Crawford|2|35.1|.294|.284
Tyler Callihan|6.8|27.1|.294|.252
Jared Serna|4.8|38.1|.267|.230
Jahmai Jones|10.8|43.1|.299|.328
Ben Rice|14.3|48.6|.384|.378
Hyeseong Kim|3.4|25.3|.293|.304
Brent Rooker|15.5|41.9|.294|.312
Brett Harris|3.4|31|.207|.243
Colson Montgomery|12|40.9|.300|.294
Steven Kwan|0.4|10.5|.334|.329
Blake Dunn|2.9|30.3|.320|.280
Jake Fraley|8.5|20.7|.290|.270
Lane Thomas|6.4|40.9|.313|.311
Nolan Gorman|9.9|42.1|.260|.278
Nolan Arenado|7|31.3|.349|.300
Trent Grisham|9.6|45.3|.311|.337
Brice Matthews|8.5|36.4|.260|.261
Davis Wendzel|0|50|.000|.229
Sung-Mun Song|3.8|27.9|.250|.253
Marcelo Mayer|6.4|35.5|.258|.257
Julio Rodríguez|8.8|43.7|.310|.334
Cristian Pache|0|25|.111|.137
Eliezer Alfonzo|0|32|.185|.215
Scott Bandura|0|25|.214|.136
Cooper Ingle|0|44.4|.161|.175
Bryan Reynolds|11.2|47.9|.349|.355
Christopher Morel|3.2|38.1|.216|.211
Eduardo Valencia|15.5|49.5|.433|.372
Andrew Velazquez|0|23.1|.059|.160
Rece Hinds|0|36.4|.198|.184
Johnathan Rodríguez|0|50|.283|.297
Carter Jensen|12.7|44.8|.341|.318
Omar Martinez|0|50|.297|.111
Sterlin Thompson|6.3|43.8|.308|.295
Will Banfield|0|14.3|.145|.151
Alec Bohm|6|43.8|.309|.327
Andrew Vaughn|5.1|43.5|.368|.329
Emmanuel Rodriguez|20.7|48.3|.270|.354
César Prieto|3.1|33.3|.104|.262
Nathan Lukes|2.5|29.1|.317|.293
George Lombard Jr.|8.2|35.1|.303|.298
Sean Keys|10|52.5|.247|.262
Alejandro Osuna|0.6|29.2|.303|.301
Jake Cronenworth|3.9|29.7|.287|.275
Francisco Lindor|9|49.5|.322|.331
Jair Camargo|100|100|.631|.407
Michael Helman|0|7.7|.239|.200
Harrison Bader|8.2|41.1|.238|.272
Paul Goldschmidt|9.9|35.9|.330|.311
Gabriel Arias|9.9|42|.284|.272
Chase Meidroth|4.6|34.6|.339|.301
Jared Oliva|0|66.7|.127|.308
Rafael Marchán|2.6|18.4|.139|.202
Angel Martínez|7.2|35.5|.326|.299
Braden Montgomery|4.4|40.9|.298|.325
Carlos Jorge|6.1|15.2|.271|.282
Lazaro Montes|17.9|42.9|.334|.313
Victor Mesa Jr.|10.8|42.2|.355|.329
Andy Pages|7.9|42.3|.352|.343
Addison Barger|0|50|.170|.255
Christian Vázquez|2.1|22.6|.258|.233
Luis García Jr.|12.2|46.1|.355|.341
Cal Raleigh|14.1|40|.297|.312
Oneil Cruz|15.4|53.7|.371|.352
Shea Langeliers|13.3|43|.347|.352
Caleb Durbin|2.7|25|.317|.291
Luke Williams|||.698|.698
Zack Gelof|10.8|42.8|.346|.323
Riley Greene|14.8|46|.366|.369
Denzel Clarke|2|36|.198|.209
Zack Short|5.9|20.6|.218|.256
Myles Straw|2.7|25.6|.288|.292
Ryan Jeffers|10.2|40.9|.353|.344
Nate Furman|0|16.7|.191|.227
Victor Scott II|1.6|23.7|.243|.271
Nick Castellanos|8.4|37.3|.239|.285
Xavier Edwards|3.2|28.4|.325|.311
Wenceel Pérez|7.6|33.3|.262|.272
Tristan Peters|5.4|34.1|.340|.314
José Tena|8.3|46.4|.299|.291
Turner Hill|4.5|30.7|.280|.316
Jo Adell|8.9|44.9|.307|.329
Hayden Senger|0|23.1|.196|.181
Zac Veen|7.5|37.5|.327|.275
Ryan Bliss|0|66.7|.159|.270
Dansby Swanson|7.3|40.6|.305|.301
Moisés Ballesteros|8.4|45.2|.274|.290
Alek Thomas|7.1|40.2|.243|.282
Joc Pederson|11.3|50.9|.352|.343
Kyle Schwarber|15.6|49.3|.368|.364
Chad Stevens|6.3|25|.129|.210
Nick Madrigal|0|26.9|.313|.293
Nate Eaton|5.9|32.4|.268|.289
Tyler Tolbert|2.9|24|.329|.287
Matt Chapman|6.6|35.8|.309|.286
Dominic Canzone|12.2|44.9|.354|.359
Reese McGuire|0|9.5|.221|.242
Nick Allen|1.7|26.9|.316|.246
Mickey Moniak|9.6|41.6|.322|.279
Ty France|9.1|47.4|.373|.327
Dylan Moore|0|33.3|.140|.233
Cam Smith|11.2|43.5|.293|.316
Drew Romo|5.9|26.5|.243|.262
Nick Yorke|5|43.8|.258|.289
Kameron Misner|0|20|.227|.209
Zach McKinstry|2|22.5|.265|.284
Spencer Torkelson|12.2|42|.337|.314
Travis Bazzana|5.2|36.2|.328|.299
Alex Freeland|6.2|39.5|.297|.297
Ketel Marte|9.4|43|.323|.349
Jorge Mateo|7.9|35|.248|.272
Ke'Bryan Hayes|6.9|38.5|.191|.287
Leo Rivas|1.2|16.3|.225|.243
Brock Rodden|5.3|36.8|.271|.233
Dylan Crews|9.4|43.3|.294|.317
Rob Refsnyder|8.6|34.6|.207|.255
Jackson Holliday|6.4|33.1|.284|.293
Sebastián Rivero|0|14.3|.262|.272
Alan Roden|4.3|42.9|.343|.361
Owen Caissie|14.2|44.9|.304|.302
Andy Ibáñez|0|18.2|.095|.164
George Springer|6.5|38.5|.320|.306
Daniel Schneemann|8.4|38.4|.272|.292
Max Schuemann|9.8|41.2|.317|.312
Kazuma Okamoto|13.1|44.1|.332|.328
Willson Contreras|13.3|44.2|.391|.376
Brett Callahan|11.1|44.4|.274|.296
Victor Caratini|6.3|38|.285|.306
Kyle Tucker|6.4|36.3|.318|.331
Taylor Walls|2.2|21.9|.278|.251
Endy Rodríguez|10.6|46.8|.370|.338
Orlando Arcia|2.5|25|.290|.245
Esteury Ruiz|7.5|23.9|.317|.275
Jordan Lawlar|7|31.4|.340|.314
Miguel Andujar|4.5|36.3|.314|.298
Ronny Simon|3.8|30.2|.288|.298
Ezequiel Duran|6|38.8|.324|.300
Garrett Stubbs|0|24.4|.178|.209
Nolan Schanuel|2.4|32.9|.328|.334
Leo Bernal|10|55.7|.351|.347
Noelvi Marte|5.1|30.2|.242|.237
Joey Bart|7.7|34.6|.298|.295
Troy Johnston|2.2|36.9|.329|.323
Luisangel Acuña|3.5|36.5|.241|.269
Edouard Julien|7.3|49.7|.287|.338
Fernando Tatis Jr.|12.7|53.9|.358|.379
Kevin McGonigle|7.3|37.6|.357|.355
Michael Busch|9.1|39.8|.333|.331
Pavin Smith|4.7|37.6|.252|.281
Bobby Witt Jr.|11.4|50.3|.345|.378
Brandon Valenzuela|7|38.4|.307|.313
Tommy Pham|5.3|52.6|.209|.317
Vimael Machín|0|50|.445|.417
Sal Stewart|12.2|41.6|.339|.343
Freddy Fermin|3.8|29|.265|.270
Nathaniel Lowe|8.4|41.4|.329|.335
Miguel Vargas|13|43.8|.363|.378
Jonatan Clase|0|35.7|.390|.247
Michael Siani|0|0|.000|.292
Leo Jiménez|3.9|40|.267|.314
John Rave|10.5|34.9|.326|.315
Samuel Basallo|12.1|42.8|.303|.318
Tommy Edman|5.3|32|.320|.303
Jung Hoo Lee|2.3|31.5|.317|.315
Sean Murphy|8.2|41.1|.252|.273
Matt McLain|9|35.6|.272|.293
Gabriel Gonzalez|0|16.7|.355|.285
Cedric Mullins|4.3|33.1|.281|.264
Trevor Story|5.4|36.5|.272|.248
Ethan Salas|3.3|33.3|.316|.227
Vladimir Guerrero Jr.|6.9|44.3|.305|.331
Max Muncy|10.7|43.5|.300|.288
Andrés Chaparro|13.1|44.1|.383|.344
Tyler Black|0|15|.364|.191
Shohei Ohtani|16.4|52.1|.377|.397
Derek Hill|10.6|33.8|.319|.289
Heliot Ramos|13.8|48.4|.312|.329
Ryan McMahon|9|44.8|.282|.297
Ezequiel Tovar|7|33.2|.270|.281
Brady House|9.5|47.8|.313|.333
Bo Davidson|0|42.9|.315|.266
Byron Buxton|15.9|46.7|.355|.343
Drew Millas|3.2|21.9|.251|.266
Eugenio Suárez|12.5|36.2|.324|.303
Ryan Kreidler|8.2|37.2|.293|.295
Greg Jones|0|28.6|.077|.164
Carson Williams|4|24|.166|.217
Marcus Semien|5.8|33.3|.276|.300
Rhys Hoskins|12.6|41.3|.305|.297
Jimmy Crooks|11.6|48.3|.264|.294
Graham Pauley|6.5|25.9|.274|.243
Daniel Susac|5.3|32.5|.290|.296
Lucas Spence|12.1|48.5|.355|.305
Henry Bolte|8.1|48.6|.341|.317
Jonah Cox|5.4|35.5|.300|.256
Dillon Dingler|10.1|43.4|.325|.344
Keibert Ruiz|5|36.6|.328|.289
Rudy Martin Jr.|0|0|.233|.263
Javier Sanoja|2.8|32.3|.342|.295
Bryan De La Cruz|5.1|40.7|.335|.299
Ha-Seong Kim|2.2|25|.180|.222
Max Muncy|12.9|45.8|.361|.349
Gary Sánchez|8.4|35.3|.342|.336
Josh Naylor|4.4|35.6|.297|.310
Kaelen Culpepper|3.4|31.1|.320|.287
Ramón Laureano|14.3|41.2|.292|.312
Oswald Peraza|6.1|36.2|.276|.272
Nick Solak|12.5|50|.232|.373
Jakob Marsee|3.8|34.5|.321|.314
Jhostynxon Garcia|3.1|31.3|.175|.240
Jhonny Pereda|2.9|45.7|.338|.345
Luis Urías|7|30.2|.345|.299
Anthony Seigler|5.6|34.9|.321|.312
Lourdes Gurriel Jr.|4.6|33.8|.243|.273
Will Brennan|0|25|.077|.178
Joey Loperfido|6.8|35.6|.287|.294
David Hamilton|3.4|27.9|.293|.276
Gabriel Moreno|7.7|42.2|.380|.363
Lenyn Sosa|5.6|36.7|.214|.249
LaMonte Wade Jr.|3.3|31.9|.296|.268
Amed Rosario|10.4|39.3|.297|.309
Javier Báez|2.7|34.7|.277|.266
Corey Seager|14.8|48.9|.320|.350
Yohandy Morales|15.6|62.5|.358|.317
Pete Alonso|15.3|56.2|.379|.402
George Valera|0|34.5|.235|.198
Zach Neto|11.9|41.6|.336|.317
Jacob Young|5.7|31.4|.313|.313
Matthew Lugo|0|12.5|.165|.125
Andrew McCutchen|5.8|28.8|.249|.237
Eddys Leonard|16.7|16.7|.269|.299
Coby Mayo|13.5|47.3|.328|.336
Collin Price|0|50|.219|.302
Rowdy Tellez|28.6|42.9|.331|.506
Corbin Carroll|12.2|47.6|.341|.341
Jeremy Peña|7.2|39.2|.347|.326
Kahlil Watson|7.1|32.1|.266|.246
José Barrero|0|0|.148|.077
Bryce Harper|10.3|42.8|.375|.379
Cam Cauley|0|20.5|.279|.235
Joe Mack|8.4|38.3|.299|.292
Cody Bellinger|6.6|37.8|.336|.335
Nick Gonzales|3.1|34|.339|.327
Harry Ford|9.7|34.7|.302|.296
Héctor Rodríguez|6.7|34.3|.295|.251
Petey Halpin|5.4|25.5|.264|.295
Brandon Lockridge|1.5|33.3|.308|.258
Zach Dezenzo|9.1|31.8|.262|.248
Agustín Ramírez|4.2|41.6|.300|.285
Chase DeLauter|6.3|46.3|.359|.346
A.J. Ewing|7.5|42.3|.311|.320
Connor Norby|7.6|36.2|.323|.310
Victor Mederos|0|100|.890|.543
Spencer Steer|12.4|39.1|.325|.342
Jeferson Quero|0|0|.349|.495
Roman Anthony|11.7|46.6|.326|.341
Jace Jung|0|16.7|.289|.367
Mauricio Dubón|4|29.4|.317|.304
Garrett Mitchell|11.7|52.7|.340|.353
Drew Cavanaugh|4.2|27.6|.280|.296
Luke Maile|3.3|26.7|.228|.195
Jarred Kelenic|19|50|.279|.331
Dylan Carlson|0|0|.000|.070
Sam Antonacci|5|33.6|.345|.348
DaShawn Keirsey Jr.|0|0|.178|.222
Michael Arroyo|3.3|33.3|.414|.375
Kyle Manzardo|12|41|.305|.307
Andrés Giménez|3.4|24.9|.286|.276
Miles Mikolas|0|0||
Kyle Karros|8.3|41.1|.336|.334
Jonathan Aranda|9.9|46|.348|.343
Jack Brannigan|||.000|.000
Ryan Vilade|7.1|39.9|.327|.327
Davis Schneider|10.8|42.7|.290|.287
José Fermín|2.1|31.5|.294|.291
Weston Wilson|3.8|32.1|.269|.251
Tyler O'Neill|8.8|42.8|.302|.307
Blaze Jordan|10.1|45|.284|.317
Lawrence Butler|8.6|44.8|.319|.326
TJ Rumfield|5|27.9|.373|.333
Braden Shewmake|6.9|37|.296|.294
Gunnar Henderson|7.7|43.3|.314|.322
Jordan Walker|13.2|49.9|.344|.340
Alec Burleson|11.3|50|.353|.374
Max Clark|2.1|38|.337|.314
Gabriel Rincones Jr.|9.4|35.7|.215|.205
Ian Happ|11.1|42.2|.325|.313
Casey Schmitt|12.3|44.8|.336|.355
Josh Smith|6.3|30|.275|.276
J.T. Realmuto|5.7|40|.275|.317
Jonathan India|5.7|31.4|.291|.284
Austin Hedges|4.5|32.4|.313|.280
Josh Lowe|9|37.1|.279|.284
Nicky Lopez|0|22.2|.286|.270
Xander Bogaerts|5.5|42.3|.306|.325
Rafael Devers|12.5|51.6|.367|.342
Kyler Fedko|0|44.4|.073|.166
Sam Huff|14.3|57.1|.147|.137
Osleivis Basabe|6.9|34.3|.271|.283
Samad Taylor|3.6|25.2|.356|.309
Jackson Chourio|12.3|47|.361|.344
Jake Meyers|6.3|27.9|.265|.256
Josue De Paula|11.5|46.2|.466|.437
Kyle Farmer|7.1|28.6|.207|.235
Andrew Pinckney|11.8|58.8|.328|.297
CJ Abrams|10.6|40.5|.358|.333
Jake McCarthy|5.4|28.1|.349|.321
Ronny Mauricio|15.4|38.5|.302|.289
Ramón Urías|10.1|34.8|.265|.302
Justin Foscue|10.4|42.1|.354|.325
Luken Baker|0|50|.178|.123
Patrick Wisdom|19.2|42.3|.151|.236
Jasson Domínguez|5.6|39.1|.279|.289
Bryce Teodosio|4.5|20.5|.234|.210
Carlos Cortes|6|35.8|.315|.301
Abimelec Ortiz|7.5|38.7|.246|.271
Randal Grichuk|11.2|49.8|.370|.335
Brandon Marsh|8|42.6|.308|.301
Brice Turang|7.7|41.6|.358|.344
Hunter Feduccia|7.4|37.9|.286|.312
Geraldo Perdomo|3.1|31.9|.336|.333
Luis Campusano|8.1|37.7|.353|.327
Iván Herrera|6.2|40.6|.329|.336
Jake Bauers|14|51.9|.381|.371
Otto Kemp|0|13.3|.119|.205
Jose Trevino|2.4|29.4|.240|.222
Michael Stefanic|0|30|.361|.329
Marcell Ozuna|7.7|36.8|.276|.304
Logan Porter|0|50|.443|.414
Corey Julks|0|33.3|.307|.188
John Peck|7.7|37.7|.224|.310
Aaron Sabato|0|66.7|.000|.106
Otto Lopez|6|40.8|.342|.327
Daulton Varsho|6.9|36.5|.281|.283
Cody Freeman|1.4|21.9|.290|.233
Brett Baty|10.3|42|.302|.321
Francisco Alvarez|15.4|48|.313|.322
Gage Workman|20.8|45.8|.245|.299
Yohendrick Piñango|8|45.6|.309|.309
TJ Friedl|2.9|28|.236|.250
Nick Kurtz|18|57.3|.381|.374
Esmerlyn Valdez|19.9|49.3|.368|.332
Yainer Diaz|6.9|38.8|.334|.312
Tyler Locklear|14.3|32.1|.350|.334
Bo Naylor|11.9|41.5|.220|.293
Luis Lara|3.4|41.5|.286|.293
Ryan Waldschmidt|6.5|29.8|.309|.297
Mitch Garver|9.1|48.1|.278|.301
Cole Young|5.1|37.5|.308|.316
Juan Soto|14|48.1|.385|.411
Bryce Eldridge|11.5|52.2|.361|.359
Zach Cole|16.7|50|.234|.289
Vaughn Grissom|6.7|35.6|.306|.309
Jared Young|7.7|46.8|.332|.321
Jake Mangum|2.3|27.8|.310|.285
Charles McAdoo|5.4|25.7|.303|.289
Carlos Narváez|6.6|36.9|.219|.260
Jorge Barrosa|4.6|23.9|.277|.238
Vinnie Pasquantino|9.5|41.7|.331|.338
Michael Toglia|0|57.1|.172|.222
Daylen Lile|9.6|38|.312|.324
Wyatt Langford|7.9|36.4|.333|.319
CJ Kayfus|21.4|50|.289|.304
Tyler Heineman|0.6|11.9|.204|.236
Jonathan Ornelas|0|50|.194|.178
Danny Jansen|6.2|33.6|.300|.267
Colt Keith|7.6|42.1|.321|.333
Cole Carrigg|6.4|37.6|.352|.316
Jackson Merrill|12.4|48.7|.320|.347
Alex Call|2.3|16.2|.305|.277
Juan Brito|6.2|30.9|.300|.288
Blake Perkins|4.4|33.8|.236|.264
Sandy León|0|19.2|.081|.132
Maikel Garcia|4.2|40.5|.318|.318
Santiago Espinal|2|31.4|.281|.290
Ryan Ward|10.8|28.9|.319|.316
Kyle Stowers|12.8|56.4|.341|.329
César Salazar|0|33.3|.169|.328
Carson Kelly|5.2|36.1|.320|.311
Ryan O'Hearn|6.8|42.1|.336|.314
Alex Jackson|2.2|33.3|.331|.222
Nick Fortes|2.4|35.4|.301|.273
Ceddanne Rafaela|5.4|31.9|.330|.285
Luis Torrens|5.6|40.5|.304|.289
Willy Adames|8.9|38.8|.311|.296
MJ Melendez|11.1|55.6|.302|.280
Junior Caminero|13.1|49.7|.375|.364
Connor Joe|8.3|45.8|.274|.337
Curtis Mead|10.9|42.3|.370|.358
Kenny Piper|16.7|33.3|.394|.282
Trei Cruz|0|50|.000|.097
Adley Rutschman|7|38.5|.323|.327
Tyrone Taylor|8.7|34.2|.355|.309
Miguel Amaya|7.9|34.2|.324|.295
Andruw Monasterio|6.4|31.2|.293|.287
James Wood|18.6|58.9|.383|.403
Billy Cook|0|27.3|.203|.159
Logan O'Hoppe|9.1|35.8|.259|.267
Jeimer Candelario|0|40|.198|.218
Austin Riley|12.4|44.3|.290|.299
Eloy Jiménez|4|44|.289|.256
Brandon Lowe|12.4|45.8|.355|.331
Angel Genao|4.7|51.9|.261|.286
Drake Baldwin|12.9|50.6|.358|.370
Gustavo Campero|0|25|.328|.180
Andrew Knizner|5.1|32.2|.288|.274
Jim Jarvis|3.3|37|.254|.268
Konnor Griffin|7|37.5|.320|.316
Royce Lewis|10.7|40.2|.292|.306
Shay Whitcomb|10.8|33.7|.249|.265
Luis Rengifo|4.1|34.3|.289|.304
Sam Haggerty|0|7.1|.186|.182
Tommy White|7.1|32.3|.264|.291
Brayan Rocchio|2.9|30|.311|.294
Bryan Torres|3.1|26.2|.289|.288
Miles Mastrobuoni|0|22.2|.202|.184
Taylor Trammell|12.3|38|.280|.283
Brian Navarreto|5.6|22.2|.199|.172
Manny Machado|9.7|43.6|.310|.328
Jesus Rodriguez|2.3|29.5|.322|.315
Maverick Handley|||.000|.000
Joey Meneses|0|58.8|.220|.327
Ali Sánchez|3.2|28.6|.258|.256
Scott Kingery|0|0|.223|.156
Ben Williamson|1.9|33.2|.280|.286
Jorge Soler|10.9|42.6|.295|.294
Edwin Arroyo|2.7|27.4|.240|.291
James McCann|11.1|43.6|.332|.303
Hunter Goodman|14.5|44.3|.355|.321
Trevor Larnach|7.5|36.7|.347|.327
Junior Perez|14.3|52.4|.264|.312
Carlos Correa|10.3|41.2|.347|.364
Isaac Collins|5.2|39.3|.293|.295
Gleyber Torres|6.1|32.3|.328|.325
Ben Malgeri|7.1|42.4|.341|.317
Michael Conforto|11.9|41.5|.343|.332
Tyler Stephenson|12.4|44.1|.320|.326
Daz Cameron|11.1|27.8|.239|.291
Yohel Pozo|1.9|25|.251|.252
Darell Hernaiz|0.9|27.5|.275|.262
Chadwick Tromp|0|26.3|.150|.170
Tim Tawa|10.5|43.8|.302|.315
Patrick Bailey|7.7|42.4|.271|.307
Joey Wiemer|10|39|.397|.315
Trey Mancini|18.2|45.5|.305|.282
Blaze Alexander|6.6|48.8|.340|.351
Nick Sogard|4.8|28.6|.325|.311
Oliver Dunn|0|25|.132|.207
J.P. Crawford|6.3|34.7|.312|.319
Lars Nootbaar|10.1|49.5|.320|.343
Jake Rogers|9.4|36.5|.259|.267
Henry Davis|8.6|40.9|.267|.290
Gavin Sheets|7.1|38.2|.315|.316
Randy Arozarena|8.1|43.5|.379|.348
Kerry Carpenter|9.6|44|.301|.295
Colton Cowser|9.4|41.1|.307|.315
Chandler Simpson|0|13.4|.305|.263
Christian Encarnacion-Strand|14|37.8|.358|.332
Kyren Paris|0|57.1|.116|.203
Willi Castro|8|39.9|.330|.309
Mike Trout|16|46.3|.354|.381
Justin Dean|0|50|.477|.346
William Contreras|8.5|44.1|.330|.334
Luis Matos|0|23.1|.203|.130
Jonah Heim|5.9|32.3|.275|.285
Eric Haase|16.3|28.6|.264|.271
Michael Massey|6.2|39|.316|.307
JJ Wetherholt|7.4|44.9|.318|.347
Adolis García|9.3|48|.268|.294
Will Benson|12.7|37.9|.290|.300
Everson Pereira|12.7|41.3|.327|.299
Deyvison De Los Santos|3.2|29|.158|.210
Tsung-Che Cheng|7.7|23.1|.274|.303
Romy Gonzalez|4.4|37.8|.258|.289
Christian Franklin|8.6|34.3|.256|.291
Jorbit Vivas|3|21.5|.298|.292
Cooper Pratt|3.2|27.4|.320|.315
LuJames Groover|11.1|45.9|.245|.286
Christian Moore|9.3|39.1|.239|.254
Jarren Duran|9.1|39.9|.274|.301
Nico Hoerner|1.4|29.1|.297|.322
Mark Vientos|9.7|43.7|.283|.304
Evan Carter|4.8|34.9|.274|.280
Jac Caglianone|13|54.7|.360|.357
Nelson Velázquez|13.8|61.5|.286|.339
Chuckie Robinson|0|14.3|.077|.149
Pedro Pagés|4.3|37.7|.264|.273
Trea Turner|6|39.3|.298|.293
Tyler Freeman|1.3|36|.289|.309
Andrew Benintendi|8.6|45.1|.311|.307
Mike Yastrzemski|6.8|43|.306|.309
Jacob Gonzalez|4.8|37.3|.282|.305
Luke Keaschall|3.8|29.1|.348|.321
Randy Vásquez|0|0|.000|.044
Victor Robles|1.7|20|.283|.280
Salvador Perez|10.7|42.7|.285|.316
Austin Wells|7.7|42.7|.281|.300
Ryan Ritter|0|33.3|.168|.210
Brooks Lee|4.5|34.2|.316|.281
Colt Emerson|5|31.2|.256|.248
Jake Burger|12.3|45.3|.316|.314
Ben Ross|20|30|.239|.186
Jonah Bride|0|66.7|.265|.229
Leody Taveras|4.1|32.6|.282|.273
Raynel Delgado|3.2|32.3|.291|.265
Rikuu Nishida|0|12|.215|.247
Michael Harris II|10.3|47.6|.349|.342
Pete Crow-Armstrong|13.3|48.6|.400|.374
Ivan Johnson|0|22.2|.157|.226
Daniel Johnson|0|45.5|.230|.341
Masataka Yoshida|3.4|39.9|.330|.318
Brendan Donovan|2.7|27.8|.349|.314
Jeremiah Jackson|8|37.7|.264|.282
Jeff McNeil|1.7|29.5|.301|.299
Vidal Bruján|0|9.1|.132|.213
David Fry|6.5|34.4|.304|.271
Kyle Teel|11.4|47.1|.317|.321
Elias Díaz|9.6|40.5|.287|.269
Ildemaro Vargas|3.2|35|.295|.297
Adael Amador|6.9|25|.365|.274
Jerar Encarnacion|7.7|34.6|.183|.210
Colby Thomas|8.9|34.2|.250|.248
Jesús Sánchez|10.8|45.3|.311|.321
Travis d'Arnaud|9.6|30.8|.221|.234
Kevin Alcántara|6.7|26.7|.282|.275
Luis Arraez|1.2|19.4|.331|.307
Ernie Clement|2|20.8|.284|.258
Edmundo Sosa|7.2|39.2|.307|.328
BJ Murray Jr.|0|42.9|.081|.086
Parker Meadows|3.8|19.2|.288|.250
Bo Bichette|6.4|41.7|.309|.330
Dylan Beavers|8.4|38.3|.302|.295
Hao-Yu Lee|8.5|41.3|.325|.302
Joshua Báez|11.8|47.1|.335|.303
Aaron Judge|20.9|57.5|.372|.396
Matt Olson|14.2|52|.351|.351
Austin Hays|4.1|41.9|.304|.295
José Ramírez|4.1|38.8|.301|.325
Joey Ortiz|4|37.6|.321|.297
Austin Wynns|3.3|26.7|.176|.240
Walker Jenkins|7.6|27.3|.303|.310
José Azócar|0|23.1|.377|.298
Teoscar Hernández|10.7|44.8|.332|.332
Griffin Conine|16.4|49.2|.369|.369
Brian Serven|8.5|30.5|.261|.278
Max Kepler|7.8|39.2|.250|.270
Nasim Nuñez|0.9|22.2|.251|.268
Austin Slater|2.3|18.2|.271|.235
Jose Altuve|4.1|31.3|.308|.271
Victor Bericoto|13.8|51.2|.297|.299
Mickey Gasper|10.4|37.7|.361|.353
Will Wilson|25|25|.458|.451
James Outman|7|37.2|.246|.225
Sal Frelick|2.3|26.8|.275|.281
Josh Rojas|1.1|28.3|.260|.220
Masyn Winn|3.3|34.9|.283|.297
Adrian Del Castillo|6.3|36.7|.247|.256
Christian Yelich|9.6|42.9|.305|.308
Liam Hicks|3.7|27.1|.352|.319
Wade Meckler|2.9|33.5|.341|.314
Jase Bowen|8.9|33.3|.196|.244
Starling Marte|9.6|35.1|.276|.287
Brandon Nimmo|8.9|50.4|.320|.338
Jose Fernandez|3.8|38.6|.287|.281
Brett Bateman|1.6|19.8|.368|.312
Seiya Suzuki|10.7|38.9|.366|.340
Braxton Fulford|7.1|35.7|.242|.209
Steward Berroa|0|0|.127|.211
Pedro Ramírez|4.1|39|.315|.284
Kyle Higashioka|8.5|38.1|.303|.295
Josh Bell|9.6|42|.323|.335
Eli White|6.2|29.3|.300|.269
J.C. Escarra|4.5|33.8|.228|.257
Dalton Rushing|11.9|43.7|.344|.336
Brewer Hicklen|8.7|39.1|.348|.306
Ronald Acuña Jr.|13|43.5|.348|.366
Matt Vierling|5|37.2|.258|.304
Brenton Doyle|6.7|35.5|.280|.245
Alika Williams|1.2|32.7|.319|.248
Adam Frazier|2.1|19.1|.293|.265
Will Smith|12.4|41.2|.345|.389
Brett Sullivan|3.8|33.3|.285|.281
Jose Siri|13.2|42.8|.308|.304
Alex Bregman|6.4|37.7|.357|.327
Dustin Harris|1.7|19.5|.326|.314
Drew Gilbert|5.9|37.2|.320|.334
Dominic Smith|5.8|32.6|.304|.301
Ozzie Albies|3.8|27.7|.298|.273
Luke Raley|15.7|47.1|.313|.342
Rafael Flores Jr.|14.6|45.6|.367|.350
Wilyer Abreu|12.5|43.5|.335|.346
JJ Bleday|9.5|40.1|.326|.340
Tyler Soderstrom|9.5|45.4|.349|.327
Taylor Ward|5.1|38.3|.312|.334
Eric Wagaman|5.7|28.6|.266|.296
Jazz Chisholm Jr.|8.2|42.8|.312|.294
Matt Wallner|10.4|40.3|.253|.281
Jonny DeLuca|3.6|30.2|.317|.261
Dane Myers|4.9|36.3|.324|.309
Thomas Saggese|9.6|43.1|.286|.309
Jihwan Bae|0|0|.540|.361
Isaac Paredes|4.8|29.3|.355|.323
Giancarlo Stanton|18|44.3|.316|.326
Tristan Gray|6|37.6|.262|.263
Alejandro Kirk|3.7|38.8|.333|.308
Tanner Murray|8.7|43.5|.256|.275
Felix Reyes|6.9|27.6|.181|.233
Christian Walker|9.6|40.7|.316|.305
Matt Shaw|4.2|34.3|.325|.303
Spencer Jones|15.9|55.1|.323|.328
Richie Palacios|4|28.8|.316|.306
Munetaka Murakami|20.5|56.8|.356|.351
Ryan Mountcastle|0|41.7|.309|.301
P.J. Higgins|0|13.6|.245|.287
James Triantos|0|16.7|.176|.159
Shawn Ross|33.3|33.3|.410|.428
Joshua Kuroda-Grauer|1.6|38.3|.392|.311
Stuart Fairchild|0|40|.307|.280
Denzer Guzman|4.8|34.8|.267|.265
Enrique Hernández|8.1|40.3|.293|.279
Bryson Stott|5.9|37.7|.326|.330
Elly De La Cruz|16.3|53.7|.380|.376
Jacob Wilson|2.5|27.6|.301|.282
Carson Benge|7.3|38.8|.342|.341
Nick Morabito|0|48|.248|.296
Heston Kjerstad|0|20|.207|.205
Grant McCray|11.5|30.8|.236|.291
Bryce Johnson|0|7.1|.207|.172
Austin Martin|3|28.3|.303|.303
Connor Wong|4.4|34.8|.295|.281
Carlos Santana|0|43.8|.136|.187
Anthony Volpe|4.9|37|.297|.291
Freddie Freeman|8.1|41.3|.348|.363
Oswaldo Cabrera|0|33.3|.217|.183
Will Wagner|0|17.9|.333|.329
