name|player_id|year|xwoba|xba|xslg|xiso|xobp|brl|brl_percent|exit_velocity|max_ev|hard_hit_percent|k_percent|bb_percent|whiff_percent|chase_percent|arm_strength|xera|fb_velocity|fb_spin|curve_spin
Dennis Santana|642701|2026|24|35|23|21|26|62|38|47|62|30|28|29|56|80||24|43|83|
Sean Sullivan|807743|2026|||||||||50||||||||1|44|
Davis Martin|663436|2026|24|12|28|57|17|29|67|9|1|4|30|64|36|63||24|32|81|90
Cam Schlittler|693645|2026|93|86|87|78|95|17|52|56|7|49|95|85|79|86||93|94|93|46
Raisel Iglesias|628452|2026|75|64|63|61|80|58|14|62|37|55|79|72|82|99||75|49|67|
Keider Montero|672456|2026|74|64|55|43|82|17|54|53|30|66|11|90|4|12||74|49|37|90
Cesar Perdomo|702885|2026|||||||||59||||||||27|31|
Freddy Peralta|642547|2026|62|59|63|64|57|27|81|73|9|59|41|47|57|57||62|48|86|12
Logan VanWey|701121|2026|||||||||38||||||||29|65|
Tyler Wells|669330|2026|90|88|76|50|97|66|57|64|30|88|75|83|87|87||90|32|84|
Mitch Keller|656605|2026|6|3|10|27|5|31|51|26|38|18|15|51|11|36||6|27|76|62
Jared Shuster|694363|2026|||||||||80||||||||27|15|
Ian Seymour|693855|2026|74|77|43|17|89|16|11|59|32|61|88|83|79|90||74|6|10|
Lou Trivino III|642152|2026|||||||||89||||||||59|9|
Emmet Sheehan|686218|2026|73|78|57|31|81|27|14|47|48|48|84|76|90|91||73|49|88|59
Joel Peguero|666711|2026|||||||||83||||||||99|43|
Ryne Stanek|592773|2026|49|67|59|46|37|66|44|39|13|68|65|12|81|40||49|93|58|
Cade Horton|690990|2026|||||||||59||||||||68|95|
Zac Gallen|668678|2026|1|1|1|2|2|10|6|4|17|8|1|67|7|55||1|31|54|29
Joe Ross|605452|2026|||||||||77||||||||66|18|
Cade Winquest|685464|2026|||||||||93||||||||73|92|12
Erik Tolman|680899|2026|||||||||46||||||||85|72|
Bryan Baker|641329|2026|86|86|89|83|82|76|57|86|33|70|72|42|66|93||86|79|52|
Brent Headrick|687396|2026|87|77|88|91|81|86|91|64|66|58|92|51|91|82||87|43|61|
Michael King|650633|2026|33|50|37|30|34|7|37|86|10|89|38|40|46|49||33|35|56|
JR Ritchie|702275|2026|11|42|27|22|5|44|14|29|35|22|38|5|27|7||11|48|64|58
Yoshinobu Yamamoto|808967|2026|90|83|82|73|95|22|67|72|13|71|71|90|70|83||90|74|49|83
Chris Martin|455119|2026|||||||||57||||||||48|25|
Drew Sommers|805427|2026|||||||||46||||||||59|27|
Jeff Hoffman|656546|2026|80|90|92|88|71|66|28|53|72|64|98|25|99|98||80|79|96|
Pete Fairbanks|664126|2026|||||||||6||||||||89|82|
Jimmy Herget|623474|2026|29|55|28|16|36|56|11|59|7|58|30|17|47|42||29|9|84|
Justin Bruihl|677865|2026|30|24|54|73|16|58|79|88|46|77|4|55|2|42||30|5|25|
Ethan Pecko|814490|2026|||||||||34||||||||30|39|50
Ty Johnson|694494|2026|||||||||16||||||||30|99|
Orion Kerkering|689147|2026|60|82|86|86|22|80|75|97|43|94|58|7|57|25||60|85|64|
Bradgley Rodriguez|699134|2026|99|95|94|89|99|86|91|84|63|96|80|81|83|88||99|94|73|
Mark Leiter Jr.|643410|2026|||||||||53||||||||17|3|17
Tyler Mahle|641816|2026|56|44|47|49|64|27|62|23|53|59|49|64|31|31||56|23|56|
Foster Griffin|656492|2026|35|18|28|41|44|7|34|70|1|60|45|88|35|64||35|11|9|22
Spencer Arrighetti|681293|2026|9|52|30|19|3|29|19|88|29|93|42|6|53|8||9|18|61|86
Kyle Hurt|669165|2026|||||||||25||||||||83|9|
Bryan Hudson|663542|2026|84|58|84|93|78|91|94|70|54|60|38|85|33|2||84|13|30|
Stephen Kolek|663568|2026|60|18|55|80|57|70|59|53|25|61|4|93|9|11||60|43|36|
Carson Seymour|693313|2026|||||||||68||||||||85|41|
Chris Devenski|606965|2026|||||||||15||||||||23|62|
Cole Ragans|666142|2026|||||||||40||||||||57|98|31
Chase Dollander|801403|2026|||||||||44||||||||96|76|77
Blake Snell|605483|2026|||||||||50||||||||75|93|32
Nick Mears|683232|2026|||||||||62||||||||51|42|
Domingo Gonzalez|682445|2026|||||||||63||||||||25|38|
Juan Mejia|675848|2026|23|18|52|76|7|91|95|42|23|43|35|8|41|47||23|85|90|
Emilio Pagán|641941|2026|||||||||50||||||||57|96|
Duncan Davitt|701474|2026|||||||||91||||||||27|79|
Ryan Helsley|664854|2026|||||||||89||||||||97|98|
Daniel Duarte|650960|2026|||||||||19||||||||46|52|
Justin Sterner|686993|2026|||||||||33||||||||34|67|
Casey Legumina|668984|2026|42|16|36|59|46|62|72|78|1|43|18|88|13|66||42|25|68|
Nate Lavender|681320|2026|||||||||13||||||||19|53|
Alex Hoppe|695380|2026|||||||||9||||||||96|37|
Lucas Sims|608371|2026|||||||||90||||||||44|97|
Alex Cook|702047|2026|||||||||90||||||||66|66|
Aaron Ashby|676879|2026|89|88|94|94|76|76|89|56|1|33|93|20|92|38||89|92|12|73
George Klassen|691946|2026|||||||||44||||||||81|61|
AJ Blubaugh|805123|2026|40|70|43|22|49|31|8|31|37|60|57|21|73|31||40|73|47|
Paul Sewald|623149|2026|47|78|8|1|89|44|1|20|57|42|64|90|58|75||47|10|98|
Caleb Kilian|668873|2026|73|80|68|53|70|76|28|70|63|76|79|21|70|72||73|83|79|70
Joey Gerber|680702|2026|||||||||80||||||||34|56|
Sean Manaea|640455|2026|22|32|16|9|40|1|4|26|10|17|47|79|25|55||22|8|7|
Zack Wheeler|554430|2026|91|88|89|80|93|38|77|93|57|74|91|69|88|95||91|60|79|86
Jalen Beeks|656222|2026|||||||||1||||||||32|20|
Hayden Wesneski|669713|2026|64|41|67|81|52|86|87|66|67|35|24|55|39|86||64|29|12|
Lazaro Estrada|681751|2026|||||||||85||||||||23|46|
Ty Madden|680744|2026|||||||||54||||||||30|55|
Valente Bellozo|678368|2026|||||||||52||||||||3|6|
Casey Mize|663554|2026|60|54|44|36|72|19|34|35|23|38|32|76|35|36||60|31|45|
Riley O'Brien|676617|2026|15|26|35|44|7|66|46|42|60|19|55|21|62|35||15|92|30|
Andrew Kittredge|552640|2026|54|14|31|53|69|80|75|59|10|57|24|92|33|100||54|55|72|
Keegan Akin|669211|2026|||||||||69||||||||38|70|
Luis Severino|622663|2026|38|64|49|36|32|58|27|45|17|45|62|14|32|57||38|83|26|
Connor Phillips|683175|2026|||||||||59||||||||95|91|
Yuki Matsui|673513|2026|88|99|93|70|82|76|54|90|38|95|77|3|95|60||88|15|86|
Michael Wacha|608379|2026|54|49|33|26|70|7|56|59|4|61|28|79|21|38||54|30|15|10
Carlos Vargas|672841|2026|||||||||3||||||||77|14|
Zach Pop|647315|2026|||||||||75||||||||78|22|
Michael Soroka|647336|2026|47|35|37|42|61|35|40|73|20|81|63|89|32|84||47|34|92|
Shane Smith|681343|2026|||||||||60||||||||69|31|2
David Bednar|670280|2026|91|82|91|94|91|86|89|81|41|70|81|72|88|99||91|77|71|26
Jackson Jobe|695549|2026|||||||||59||||||||87|85|76
Kendry Rojas|696070|2026|||||||||82||||||||71|31|
Jordan Hicks|663855|2026|93|93|99|100|61|100|100|56|49|87|90|1|73|45||93|98|10|
Cristopher Sánchez|650911|2026|79|55|65|70|82|5|48|29|27|20|81|95|89|95||79|60|15|
Zak Kent|687849|2026|||||||||79||||||||25|100|85
Edwin Díaz|621242|2026|||||||||45||||||||82|66|
Angel Zerpa|672582|2026|||||||||10||||||||69|5|
Jack Anderson|681252|2026|||||||||79||||||||6|13|
Framber Valdez|664285|2026|34|24|51|72|19|25|82|14|5|21|16|45|12|54||34|41|24|88
Bryce Miller|682243|2026|67|70|51|33|77|35|40|78|41|91|66|60|48|91||67|73|93|19
Caleb Thielbar|573204|2026|27|46|8|3|70|62|7|47|23|49|86|55|77|93||27|31|59|55
Aaron Bummer|607481|2026|||||||||77||||||||5|5|14
Brendon Little|663893|2026|||||||||46||||||||60|7|2
Jacob Webb|657097|2026|35|32|35|40|39|62|46|47|40|22|71|45|96|71||35|46|90|55
Kade Anderson|807739|2026|||||||||63||||||||34|5|46
Will Warren|701542|2026|35|25|34|43|40|19|54|3|1|8|57|57|29|36||35|35|92|82
Yerry De los Santos|660787|2026|||||||||25||||||||62|17|
Brady Singer|663903|2026|2|4|4|7|3|1|6|1|19|11|13|47|43|13||2|8|73|
Mick Abel|690953|2026|||||||||67||||||||54|94|
Joe Boyle|671212|2026|||||||||75||||||||90|94|
Kyle Nicolas|693312|2026|||||||||54||||||||85|78|
Matthew Liberatore|669461|2026|13|14|10|9|26|5|18|12|34|18|54|54|43|29||13|48|14|95
Eduardo Rodriguez|593958|2026|38|35|28|29|52|4|46|83|43|89|19|59|23|52||38|15|53|15
Matt Krook|640454|2026|||||||||31||||||||3|4|
Orlando Ribalta|687377|2026|||||||||44||||||||87|97|
Patrick Sandoval|663776|2026|19|12|23|40|12|62|67|77|65|78|53|29|51|26||19|35|7|
Antwone Kelly|699008|2026|||||||||62||||||||96|31|
Abner Uribe|682842|2026|94|77|94|98|84|100|99|72|28|76|78|55|62|12||94|97|56|
Roki Sasaki|808963|2026|38|47|36|31|43|17|12|23|5|15|59|40|81|78||38|93|52|
Josh Walker|677020|2026|||||||||65||||||||23|21|
Tristan Beck|663941|2026|||||||||57||||||||55|11|
Austin Voth|608723|2026|||||||||68||||||||13|59|
Dylan Cease|656302|2026|91|94|95|91|79|44|83|97|21|93|98|14|96|63||91|83|88|67
Merrill Kelly|518876|2026|1|2|1|2|3|1|4|23|12|24|8|31|21|89||1|17|67|51
Justin Lawrence|664875|2026|||||||||2||||||||69|87|
Riley Martin|702303|2026|||||||||77||||||||51|83|
Tyler Holton|663947|2026|65|41|66|81|56|70|83|73|34|55|20|86|36|23||65|9|14|
Will Klein|694361|2026|||||||||22||||||||91|33|36
Pierce Johnson|572955|2026|17|16|12|11|29|58|9|9|57|58|31|42|44|80||17|73|68|87
A.J. Minter|621345|2026|||||||||80||||||||34|89|
Alimber Santa|695001|2026|||||||||75||||||||48|2|
Bradley Blalock|687134|2026|||||||||46||||||||73|30|
Kervin Castro|665645|2026|||||||||35||||||||39|73|
Justin Slaten|686580|2026|||||||||65||||||||85|87|
Kyle Harrison|690986|2026|54|44|48|53|57|35|38|31|8|43|83|72|70|70||54|55|76|
Tyler Alexander|641302|2026|80|61|86|93|69|86|94|91|57|86|27|61|14|52||80|12|23|
Andrew Nardi|677053|2026|||||||||58||||||||52|79|
Tommy Kahnle|592454|2026|||||||||17||||||||35|30|
Spencer Bivens|702352|2026|||||||||6||||||||55|1|
Joey Estes|683155|2026|||||||||84||||||||23|79|
Trent Harris|805345|2026|||||||||79||||||||41|44|66
Julian Garcia|670062|2026|||||||||79||||||||19|100|
Jason Foley|671345|2026|||||||||33||||||||71|17|
Brandon Williamson|682227|2026|2|12|5|5|1|58|18|47|28|28|5|6|37|1||2|25|28|61
Brad Lord|695418|2026|57|67|65|63|51|58|70|73|4|60|43|40|9|32||57|51|81|
Carl Edwards Jr.|605218|2026|||||||||94||||||||20|97|
Chris Paddack|663978|2026|12|6|12|23|19|52|33|45|3|61|4|72|20|78||12|25|29|2
Shane Bieber|669456|2026|2|4|2|3|8|47|5|17|10|2|20|31|37|40||2|18|76|41
Cade Gibson|806188|2026|76|62|91|97|39|98|98|96|68|67|31|37|24|62||76|16|54|99
Garrett Stallings|668831|2026|||||||||91||||||||12|1|
Brody Hopkins|811315|2026|||||||||95||||||||99|100|
JP Sears|676664|2026|||||||||54||||||||23|1|
Brett Kerry|695049|2026|||||||||56||||||||12|24|
Michael Rucker|621074|2026|||||||||44||||||||77|63|82
Alex Lange|656638|2026|7|32|14|8|5|38|1|4|9|9|43|12|66|40||7|73|28|
Hayden Juenger|696522|2026|||||||||70||||||||52|73|
Anthony Kay|641743|2026|12|15|25|40|9|10|38|59|19|42|20|59|36|75||12|69|59|
Andrew Painter|691725|2026|33|37|29|29|40|22|38|78|23|75|37|49|54|82||33|79|53|63
Taijuan Walker|592836|2026|||||||||72||||||||13|2|18
Samy Natera Jr.|696519|2026|||||||||60||||||||57|61|
Shane Drohan|675660|2026|64|64|59|53|65|25|30|47|6|45|60|51|66|72||64|57|85|91
Ryan Zeferjahn|666171|2026|86|97|96|92|68|86|82|42|76|70|94|6|91|12||86|88|33|
Ryan Thompson|657044|2026|||||||||32||||||||2|3|
Brendan Cellucci|676454|2026|||||||||89||||||||35|70|
Logan Henderson|701656|2026|95|88|79|60|98|44|34|59|22|61|90|96|60|68||95|29|64|
Drew Rasmussen|656876|2026|87|69|78|82|91|31|79|62|35|83|75|97|49|76||87|69|89|55
Wyatt Olds|681544|2026|||||||||86||||||||82|75|
Sean Newcomb|656794|2026|40|29|57|75|22|56|67|47|48|47|52|41|43|17||40|49|45|94
Andrew Abbott|671096|2026|17|21|17|17|17|7|34|21|23|45|18|24|27|32||17|19|69|83
Yilber Díaz|700270|2026|||||||||80||||||||88|52|
Yunior Tur|814305|2026|||||||||69||||||||57|11|
Mason Englert|669438|2026|||||||||28||||||||17|39|69
Wilkin Ramos|678576|2026|||||||||94||||||||55|19|
Cade Cavalli|676917|2026|69|62|68|72|67|22|57|31|1|30|86|78|68|66||69|83|44|9
Luis Morales|806960|2026|||||||||54||||||||88|84|
Austin Warren|681810|2026|25|41|37|38|14|58|3|39|8|37|71|17|66|6||25|43|62|79
Jordan Montgomery|656756|2026|||||||||73||||||||5|33|8
Yohan Ramírez|670990|2026|81|85|96|97|46|86|91|99|16|95|85|9|70|42||81|81|55|32
Jared Koenig|657649|2026|||||||||3||||||||46|60|
Paul Skenes|694973|2026|82|80|74|67|82|19|52|66|46|47|85|76|73|70||82|85|23|
Peyton Gray|682608|2026|73|57|59|61|78|70|54|86|56|79|63|78|52|75||73|29|64|
Noah Schultz|702273|2026|4|12|10|12|4|43|14|31|52|21|36|36|16|29||4|62|89|
Luis Castillo|622491|2026|13|12|9|12|26|9|14|17|31|21|26|67|41|60||13|62|33|
Max Rajcic|691008|2026|||||||||88||||||||66|41|
Cade Povich|700249|2026|||||||||57||||||||12|84|33
Max Scherzer|453286|2026|42|50|41|33|46|43|38|78|35|84|24|36|18|70||42|25|66|72
Kade Morris|695034|2026|||||||||63||||||||41|17|
Tyler Zuber|676604|2026|||||||||44||||||||64|67|
José Alvarado|621237|2026|47|52|74|88|16|94|93|83|27|92|71|14|63|62||47|93|4|
Grant Holmes|656550|2026|12|18|14|12|20|9|24|1|29|3|17|34|66|63||12|41|56|81
Jose Franco|683742|2026|||||||||70||||||||60|71|
Justin Topa|623437|2026|||||||||5||||||||34|27|
Elmer Rodríguez|695684|2026|||||||||81||||||||71|1|20
Jose Cuas|621016|2026|||||||||38||||||||15|82|
Jonathan Loáisiga|642528|2026|89|55|82|92|92|94|97|98|31|92|22|96|33|93||89|93|65|61
Shane McClanahan|663556|2026|38|44|29|24|52|25|24|31|13|24|43|57|62|60||38|69|34|40
Erik Miller|669062|2026|85|98|98|96|49|97|85|99|16|100|96|1|98|14||85|85|70|
Carter Baumler|691945|2026|||||||||83||||||||||37
Luis Curvelo|681168|2026|||||||||8||||||||62|60|
Evan Phillips|623465|2026|||||||||12||||||||85|83|
Chase Lee|695445|2026|||||||||9||||||||3|73|
Dustin May|669160|2026|31|35|43|49|32|21|44|14|9|7|55|55|32|49||31|85|71|98
Paul Gervase|801434|2026|||||||||91||||||||23|32|
Brandon Young|687064|2026|37|37|42|46|36|21|59|35|15|38|31|41|46|81||37|48|18|72
Jordan Wicks|696136|2026|||||||||19||||||||29|50|
Ronel Blanco|669854|2026|||||||||41||||||||32|57|5
Kris Bubic|663460|2026|43|59|58|58|28|80|56|31|13|45|68|14|57|42||43|13|74|
Scott Blewett|656240|2026|||||||||50||||||||64|42|
Trevor Richards|670950|2026|45|49|24|15|73|41|22|4|6|26|40|64|22|52||45|13|45|
Josh Ekness|694795|2026|||||||||60||||||||94|92|
Kai-Wei Teng|678906|2026|15|39|36|38|7|52|38|26|19|42|48|29|59|28||15|31|88|58
Brenan Hanifee|669724|2026|||||||||58||||||||62|8|
Simeon Woods Richardson|680573|2026|2|6|7|12|1|47|30|14|28|7|1|9|4|1||2|22|32|54
Edward Cabrera|665795|2026|8|10|11|15|8|29|2|3|6|17|34|25|60|64||8|82|40|36
Philip Abner|691769|2026|||||||||16||||||||6|72|16
John Klein|804619|2026|||||||||84||||||||55|80|
William Kempner|687531|2026|||||||||87||||||||60|74|
Tejay Antone|622088|2026|67|73|65|58|67|70|37|72|57|84|65|61|70|80||67|46|99|90
Matt Festa|670036|2026|57|58|52|44|62|58|44|70|37|49|61|69|69|57||57|23|95|
Daniel Palencia|694037|2026|||||||||77||||||||98|75|
José Suarez|660761|2026|40|13|68|95|12|98|99|69|8|91|46|34|61|68||40|19|65|
Josh Simpson|681006|2026|||||||||24||||||||25|34|
Victor Vodnik|680767|2026|45|52|72|80|16|91|93|7|54|36|10|8|49|9||45|96|45|
Sam Moll|594580|2026|30|54|70|78|10|86|79|42|60|53|43|13|28|3||30|12|93|
Nick Lodolo|666157|2026|1|1|4|11|1|25|22|17|4|32|11|37|20|29||1|38|52|51
Jake Bennett|687562|2026|78|59|54|46|92|31|42|52|4|53|32|99|41|98||78|22|12|
Jonah Tong|804636|2026|||||||||23||||||||57|38|
Clay Holmes|605280|2026|60|46|75|89|34|66|93|26|31|30|24|29|23|73||60|27|15|93
Fernando Cruz|518585|2026|82|97|88|61|71|70|22|91|73|99|88|3|99|36||82|29|35|
DL Hall|669084|2026|77|93|93|88|44|86|67|53|62|88|79|2|72|7||77|66|24|78
Trevor Rogers|669432|2026|72|52|49|46|81|17|62|64|2|67|50|92|46|92||72|38|89|
Mason Fluharty|689254|2026|93|96|92|80|89|80|79|96|35|91|67|20|76|87||93|||
Robert Garcia|676395|2026|||||||||66||||||||41|49|
Matt Pushard|690155|2026|||||||||87||||||||59|33|
Garrett Crochet|676979|2026|||||||||25||||||||69|77|
JoJo Romero|668941|2026|31|26|26|30|40|70|48|12|37|42|53|62|24|18||31|38|34|
Grant Wolfram|664991|2026|75|64|73|76|71|86|72|45|65|64|81|72|49|68||75|71|47|28
James Karinchak|675916|2026|||||||||82||||||||59|82|39
Cole Sulser|642121|2026|34|37|9|4|76|47|2|66|52|27|60|70|64|91||34|18|78|
Yariel Rodríguez|684320|2026|||||||||58||||||||71|81|
Miles Mikolas|571945|2026|7|3|1|1|38|12|19|13|20|11|1|99|1|26||7|27|25|44
Kevin Gausman|592332|2026|53|37|31|33|70|10|46|42|30|34|66|86|70|88||53|39|54|
Andre Pallante|669467|2026|45|18|54|76|36|37|89|83|1|81|8|67|16|9||45|64|25|80
Shane Baz|669358|2026|40|28|41|53|40|14|62|14|1|26|32|54|20|44||40|71|76|58
Ron Marinaccio|676760|2026|10|22|21|27|5|62|42|42|21|28|23|24|51|5||10|38|26|
Ryan Weiss|680802|2026|||||||||63||||||||54|82|
Codi Heuer|676051|2026|||||||||84||||||||66|84|
Keaton Winn|676775|2026|||||||||52||||||||71|65|
Noah Cameron|702070|2026|47|44|35|31|59|5|37|42|4|54|40|60|56|36||47|18|55|14
Riley Cornelio|683000|2026|||||||||73||||||||82|74|
Griffin Jax|643377|2026|40|30|34|38|52|35|30|52|57|40|70|62|82|89||40|69|96|95
Joel Payamps|606303|2026|||||||||68||||||||39|82|
Victor Mederos|682989|2026|||||||||58||||||||88|87|
Nathan Eovaldi|543135|2026|38|29|24|24|59|16|34|47|4|22|58|91|79|96||38|43|21|1
Mitch Bratt|683352|2026|||||||||33||||||||7|63|
Aroldis Chapman|547973|2026|96|98|97|91|91|91|62|47|18|51|97|19|85|76||96|90|87|
Tanner Banks|621383|2026|||||||||72||||||||12|8|
Tyler Schweitzer|805326|2026|||||||||4||||||||41|82|
Yusei Kikuchi|579328|2026|22|25|27|33|20|52|34|6|3|7|46|32|37|9||22|68|39|51
Edgardo Henriquez|683618|2026|98|99|100|99|86|99|98|100|59|99|89|25|85|85||98|100|95|
Shawn Armstrong|542888|2026|||||||||44||||||||35|20|
Connor Seabold|657756|2026|||||||||37||||||||35|19|
Chad Dallas|689149|2026|||||||||20||||||||||62
Brad Keller|641745|2026|||||||||78||||||||87|72|
Jack Dreyer|676263|2026|74|70|66|61|76|70|48|26|31|22|84|45|72|68||74|43|89|47
Jeremiah Estrada|669093|2026|||||||||90||||||||74|12|
Cal Quantrill|615698|2026|60|49|38|33|75|38|52|42|3|66|20|92|8|47||60|41|13|26
Andrew Sears|808825|2026|||||||||81||||||||39|35|
Colton Gordon|676467|2026|||||||||76||||||||10|5|
Geoff Hartlieb|664129|2026|||||||||50||||||||55|60|
Garrett Cleavinger|664076|2026|||||||||35||||||||71|76|
Ben Brown|676962|2026|83|74|82|85|80|66|52|11|22|14|66|70|66|52||83|81|27|15
Rico Garcia|670329|2026|91|87|86|75|93|86|86|88|38|81|71|51|91|38||91|66|95|33
Tanner Gordon|685299|2026|11|8|3|4|52|10|4|3|30|14|18|96|22|57||11|22|34|9
Jack Flaherty|656427|2026|34|57|46|36|28|44|37|11|18|2|75|20|64|18||34|22|39|25
Adam Macko|671936|2026|||||||||32||||||||52|53|
Eric Lauer|641778|2026|12|26|5|1|43|12|4|47|12|67|5|64|5|76||12|8|28|30
Lance McCullers Jr.|621121|2026|||||||||35||||||||9|10|85
Garrett Acton|670183|2026|||||||||66||||||||51|91|
Troy Melton|675512|2026|62|52|64|70|56|44|77|42|35|49|32|59|36|60||62|78|38|34
Kyle Hart|606996|2026|70|80|68|53|68|58|33|81|8|95|46|34|29|17||70|39|22|
Ethan Roberts|681799|2026|||||||||63||||||||35|91|
Brycen Mautz|802408|2026|||||||||52||||||||32|45|22
Phil Maton|664208|2026|||||||||63||||||||4|57|98
Didier Fuentes|800311|2026|85|74|75|73|87|70|66|64|66|78|94|72|85|60||85|90|12|
Bryan Woo|693433|2026|69|50|51|50|77|17|57|29|13|15|67|93|49|85||69|75|46|13
Mike Burrows|681347|2026|20|16|17|16|26|35|33|59|16|43|15|51|21|70||20|55|40|92
Kyle Freeland|607536|2026|5|2|2|4|25|1|4|6|24|11|14|98|25|83||5|9|74|22
Randy Vásquez|681190|2026|6|3|3|6|19|4|14|1|14|13|3|86|7|25||6|60|84|97
Tyler Kinley|641755|2026|76|86|73|44|75|80|67|98|63|99|36|16|64|14||76|49|77|75
Tyron Guerrero|594027|2026|||||||||54||||||||99|34|
Angel Chivilli|683409|2026|||||||||10||||||||94|32|
George Soriano|666277|2026|28|64|41|24|25|52|21|9|19|38|54|11|78|79||28|82|18|
Manuel Rodríguez|655889|2026|||||||||37||||||||75|19|
Danny Coulombe|543056|2026|||||||||30||||||||3|42|
Yunior Marte|805074|2026|||||||||60||||||||27|1|
Sam Aldegheri|691951|2026|||||||||23||||||||16|30|
Gus Varland|681402|2026|||||||||54||||||||60|58|
Justin Verlander|434378|2026|||||||||79||||||||25|78|
Erick Fedde|607200|2026|21|24|15|13|36|14|34|47|1|30|9|47|3|1||21|44|8|
Kodai Senga|673540|2026|8|52|19|8|4|41|1|17|63|39|78|2|78|6||8|74|75|
Jonathan Hernández|642546|2026|||||||||34||||||||88|54|
Aaron Civale|650644|2026|35|29|27|29|51|27|40|53|33|33|23|72|12|55||35|11|66|96
Jack Kochanowicz|686799|2026|4|10|17|26|1|58|51|29|43|15|7|9|39|5||4|74|29|
Mason Miller|695243|2026|100|100|100|100|100|91|57|91|37|98|100|36|100|94||100|100|94|
Zac Thornton|804267|2026|29|21|15|13|62|38|16|39|21|27|24|95|2|72||29|18|53|
Kyle Finnegan|640448|2026|4|10|8|9|2|51|14|13|27|5|13|7|49|19||4|78|34|
Gerardo Carrillo|672629|2026|||||||||56||||||||87|38|
Nick Pivetta|601713|2026|||||||||13||||||||43|71|74
Keegan Thompson|624522|2026|||||||||34||||||||17|91|
Dedniel Núñez|673380|2026|||||||||74||||||||83|77|
George Kirby|669923|2026|43|16|33|50|52|16|66|29|41|33|32|86|28|85||43|85|52|23
José Urquidy|664353|2026|||||||||70||||||||22|42|79
Beck Way|694360|2026|||||||||40||||||||88|14|
Logan Webb|657277|2026|49|23|49|72|46|29|81|59|3|42|33|89|20|75||49|16|2|
Alek Manoah|666201|2026|||||||||38||||||||1|16|
Dylan Dodd|689266|2026|||||||||21||||||||41|24|
Jared Jones|683003|2026|84|84|74|57|89|47|51|38|7|55|90|64|93|73||84|95|97|93
Tomoyuki Sugano|608372|2026|1|1|1|1|14|1|2|2|2|13|3|93|8|19||1|20|74|70
Justin Hagenman|663795|2026|||||||||59||||||||7|11|
Mason Montgomery|682254|2026|97|97|96|93|96|86|74|64|24|17|99|38|93|71||97|96|35|69
José Soriano|667755|2026|31|39|46|57|24|14|48|53|1|57|53|32|75|73||31|83|5|21
Jacob deGrom|594798|2026|76|66|61|53|82|19|42|9|8|4|92|76|95|89||76|90|90|77
Griffin Canning|656288|2026|24|30|33|37|14|43|37|11|16|4|49|21|53|12||24|49|23|48
Andrew Alvarez|674841|2026|43|44|59|70|25|47|74|31|2|30|63|19|59|45||43|16|59|75
Seth Halvorsen|678020|2026|||||||||32||||||||98|57|
Jake Woodford|663765|2026|||||||||58||||||||34|8|
Paul Blackburn|621112|2026|69|57|73|81|54|66|82|86|35|74|35|32|30|26||69|48|6|73
Patrick Corbin|571578|2026|6|3|7|20|8|44|48|56|10|19|14|76|17|54||6|9|9|
Seranthony Domínguez|622554|2026|70|85|76|61|59|76|59|84|46|88|69|12|70|23||70|90|59|
Luinder Avila|679883|2026|15|35|43|50|4|70|79|66|60|72|29|4|43|12||15|79|89|73
Kyle Backhus|679775|2026|||||||||77||||||||6|26|
Kevin Ginkel|656464|2026|74|69|48|29|88|52|19|26|9|38|77|88|81|94||74|71|80|
Trevor McDonald|686790|2026|49|42|70|85|24|86|94|39|12|53|22|67|18|36||49|32|51|
Brady Basso|669620|2026|||||||||27||||||||20|46|7
Zack Kelly|677161|2026|||||||||40||||||||75|27|
Mike Paredes|702474|2026|||||||||46||||||||27|15|
Trey Gibson|694346|2026|||||||||27||||||||59|4|29
Mark Manfredi|815081|2026|||||||||43||||||||46|85|
Will Dion|702021|2026|||||||||46||||||||8|69|34
Jaden Hill|677955|2026|||||||||12||||||||88|79|
Tarik Skubal|669373|2026|90|70|80|86|94|31|65|84|15|77|91|99|90|97||90|85|53|47
Nate Pearson|663878|2026|||||||||52||||||||91|49|68
Tim Hill|657612|2026|29|21|21|27|48|66|66|42|16|12|1|93|1|22||29|1|7|
José Fermin|820862|2026|27|32|40|44|19|76|48|7|24|15|76|21|82|66||27|81|63|
Owen Murphy|702566|2026|||||||||65||||||||25|90|
Kirby Yates|489446|2026|||||||||29||||||||6|62|
Matt Wilkinson|683363|2026|||||||||80||||||||5|6|
Cody Laweryson|689520|2026|||||||||79||||||||22|61|
Jacob Waguespack|621097|2026|||||||||79||||||||25|16|
Elieser Hernández|622694|2026|||||||||79||||||||17|54|
Alan Rangel|660604|2026|||||||||62||||||||25|52|1
David Peterson|656849|2026|22|13|37|64|11|27|70|45|38|37|36|32|29|31||22|18|18|27
Lucas Erceg|668674|2026|25|30|77|95|1|94|91|94|13|65|3|3|14|26||25|89|3|
Bryse Wilson|669060|2026|||||||||32||||||||22|14|
Alek Jacob|689690|2026|||||||||87||||||||1|51|
Andrew Hoffmann|694851|2026|||||||||52||||||||51|50|
Ryan Weathers|677960|2026|37|28|22|23|57|19|28|35|10|30|70|79|63|31||37|59|67|
Christian Scott|681035|2026|67|75|77|75|51|51|72|90|25|79|86|31|63|42||67|66|55|68
Taylor Clarke|664199|2026|33|22|18|17|64|44|24|73|31|78|5|97|29|57||33|64|38|
Grayson Rodriguez|680570|2026|4|7|6|7|7|31|27|11|16|5|27|34|43|20||4|77|44|65
Ryan Johnson|696270|2026|19|32|18|14|22|27|18|83|17|72|19|32|33|26||19|19|38|
Jared Simpson|688692|2026|||||||||84||||||||52|43|
Luis De León|801725|2026|||||||||87||||||||74|71|
Colin Rea|607067|2026|8|10|5|6|17|4|9|14|29|22|13|57|9|49||8|35|22|4
Cole Winn|668390|2026|18|8|15|24|26|80|62|62|27|11|54|67|70|93||18|66|80|
Jose Quintana|500779|2026|5|7|4|4|11|56|14|47|4|76|1|38|14|58||5|3|16|4
Yaramil Hiraldo|682274|2026|||||||||5||||||||71|66|
Paxton Schultz|687606|2026|||||||||72||||||||35|41|
Nick Frasso|693308|2026|||||||||16||||||||68|54|
Chase Silseth|681217|2026|49|75|64|48|34|58|14|81|16|90|82|6|94|49||49|73|79|
Trey Yesavage|702056|2026|79|92|83|66|71|52|65|59|48|81|64|13|84|45||79|46|41|
Zack Littell|641793|2026|1|1|1|1|8|2|4|1|6|9|1|70|1|49||1|12|3|
Matt Strahm|621381|2026|||||||||43||||||||9|95|
Jack Perkins|678022|2026|49|59|47|37|49|25|24|53|45|64|73|38|66|85||49|69|40|
Mason Adams|690279|2026|||||||||41||||||||23|57|20
Yennier Cano|666974|2026|80|67|79|83|78|91|81|31|49|35|48|90|55|47||80|55|11|
Jesse Scholtens|669947|2026|10|8|6|7|25|56|8|70|40|66|15|70|10|58||10|22|30|
Blade Tidwell|694918|2026|40|54|52|49|32|52|8|56|1|54|28|43|33|2||40|49|22|
Justin Wrobleski|680736|2026|28|13|16|19|54|10|18|13|41|9|35|93|12|64||28|52|86|7
Mitch Farris|815083|2026|15|24|20|20|14|58|19|26|28|1|66|16|77|32||15|12|21|
Taylor Rogers|573124|2026|47|50|66|73|32|76|79|95|59|98|28|16|6|4||47|16|21|
Ben Joyce|690829|2026|||||||||53||||||||98|36|
Connor Prielipp|687570|2026|56|55|55|53|57|41|67|20|53|27|61|54|39|51||56|66|46|99
Clayton Beeter|690925|2026|21|70|57|41|11|91|72|11|28|14|50|1|73|28||21|71|83|
Eduard Bazardo|660825|2026|15|16|12|11|30|47|16|17|54|30|59|51|23|8||15|71|31|
Gage Jump|695611|2026|26|18|38|59|14|47|62|23|17|36|67|21|49|51||26|77|73|57
Rhett Lowder|695076|2026|7|8|7|9|10|7|12|14|17|51|11|40|5|10||7|32|47|97
Chris Roycroft|688297|2026|||||||||41||||||||75|25|
Cristian Javier|664299|2026|22|29|24|26|20|52|21|31|50|83|41|28|78|83||22|30|29|
Brennan Bernardino|657514|2026|67|42|54|64|70|76|82|84|46|95|22|92|25|4||67|5|29|68
Chase Petty|695534|2026|||||||||28||||||||81|23|
Ryan Rolison|669020|2026|53|54|58|63|46|70|57|64|30|47|42|18|9|9||53|55|43|67
Zach Agnos|688642|2026|9|5|8|15|11|31|25|39|48|25|2|47|17|64||9|44|65|
Jack Sinclair|695378|2026|||||||||33||||||||83|12|
Jameson Taillon|592791|2026|3|21|1|1|30|12|1|35|30|37|35|47|60|47||3|13|62|49
Ryan Gusto|687473|2026|13|4|17|37|14|37|25|26|41|13|26|72|12|52||13|46|68|37
Ben Peoples|687239|2026|||||||||79||||||||75|57|
Cody Bolton|675989|2026|||||||||53||||||||54|58|
Cade Smith|671922|2026|93|96|90|72|96|62|27|1|21|15|99|60|97|81||93|91|76|
José A. Ferrer|678606|2026|49|32|49|67|46|66|75|91|2|67|20|78|8|38||49|92|17|
MacKenzie Gore|669022|2026|44|46|47|49|40|5|27|35|5|26|55|37|48|44||44|60|36|11
Brock Burke|656271|2026|70|80|80|76|49|58|42|66|50|89|59|7|76|23||70|68|50|
Steven Okert|595345|2026|86|84|68|42|95|70|59|73|46|72|76|93|88|40||86|8|40|
Adrian Morejon|670970|2026|99|93|98|98|98|97|99|93|21|90|93|57|97|99||99|98|83|
David Sandlin|689818|2026|||||||||41||||||||78|46|51
Cameron Foster|671382|2026|||||||||85||||||||77|91|
Chris Bassitt|605135|2026|17|7|29|68|8|52|88|59|15|53|8|51|14|5||17|19|15|18
Gerrit Cole|543037|2026|65|41|40|41|79|21|22|4|12|6|70|97|18|34||65|84|63|84
Franco Aleman|680916|2026|||||||||46||||||||77|95|
Jonathan Cannon|686563|2026|||||||||65||||||||52|60|
Craig Yoho|684974|2026|||||||||50||||||||48|85|
Steven Matz|571927|2026|12|8|9|13|25|31|7|66|8|72|16|69|13|34||12|35|29|11
Reiver Sanmartin|665665|2026|||||||||65||||||||13|58|
Bennett Sousa|656986|2026|||||||||6||||||||39|24|
Sam Hentges|656529|2026|||||||||60||||||||48|24|17
Ryan Walker|676254|2026|||||||||56||||||||60|64|
Tom Cosgrove|676680|2026|||||||||63||||||||1|96|
Nolan Hoffman|676510|2026|||||||||4||||||||27|67|
Dietrich Enns|608650|2026|||||||||80||||||||39|24|
Anthony Molina|683627|2026|||||||||68||||||||79|33|3
Albert Suárez|544150|2026|49|39|41|43|62|62|56|31|37|39|14|62|41|42||49|35|61|11
Brandyn Garcia|805299|2026|||||||||10||||||||89|47|
Carson Palmquist|687223|2026|||||||||94||||||||6|21|
Tobias Myers|668964|2026|45|23|34|46|57|86|86|1|22|6|16|76|11|40||45|20|38|
Carmen Mlodzinski|669387|2026|18|6|22|53|13|31|59|6|38|1|19|54|14|30||18|55|11|57
Ray Kerr|678061|2026|||||||||77||||||||55|26|1
Ryan Yarbrough|642232|2026|78|61|88|95|59|94|96|100|50|100|20|47|48|21||78|1|1|
Matt Gage|657424|2026|||||||||53||||||||18|19|
Ryan Fernandez|681676|2026|||||||||70||||||||54|19|
Brandon Sproat|687075|2026|13|44|34|29|5|41|28|14|16|17|61|9|48|4||13|81|4|44
Charlie Barnes|656212|2026|||||||||17||||||||2|4|
Zach Maxwell|687209|2026|||||||||54||||||||97|89|
John King|667463|2026|||||||||54||||||||5|23|88
Ranger Suarez|624133|2026|71|47|74|88|59|41|86|90|17|83|55|64|22|58||71|7|3|5
Alec Gamboa|687941|2026|||||||||56||||||||59|9|
Braxton Garrett|666129|2026|||||||||48||||||||8|43|
Gregory Soto|642397|2026|88|93|95|93|73|94|94|95|5|87|83|27|66|47||88|83|61|
Bryan King|687911|2026|49|32|62|78|34|80|87|88|73|68|20|51|4|54||49|15|10|
Brandan Bidois|684049|2026|||||||||54||||||||87|69|
Luis Gil|661563|2026|||||||||13||||||||62|86|
Matt Svanson|694335|2026|2|1|7|27|1|80|57|6|59|5|30|28|6|3||2|79|45|
Trevor Martin|694680|2026|||||||||63||||||||55|42|
Enmanuel De Jesus|646241|2026|||||||||21||||||||46|63|
Carson Whisenhunt|687931|2026|||||||||15||||||||23|39|
Luis Mey|682825|2026|||||||||35||||||||93|50|
Javier Assad|665871|2026|30|21|24|33|43|47|65|21|30|11|10|72|1|1||30|32|8|38
Hagen Smith|696146|2026|||||||||82||||||||39|81|
Cody Bradford|674003|2026|||||||||41||||||||2|7|
TJ Shook|669298|2026|||||||||77||||||||20|20|
DJ Herz|687792|2026|||||||||50||||||||25|55|
Spencer Miles|693686|2026|87|62|86|93|82|80|96|84|69|72|62|85|6|16||87|78|47|89
PJ Poulin|676571|2026|||||||||63||||||||3|17|
Zach McCambley|685112|2026|||||||||48||||||||41|93|
Jake Irvin|663623|2026|8|32|9|4|13|19|5|26|8|4|57|27|44|2||8|23|53|48
Cole Sands|663485|2026|||||||||72||||||||25|44|
Louis Varland|686973|2026|99|87|97|99|96|94|96|73|13|61|96|64|79|97||99|97|47|48
Shaun Anderson|641312|2026|||||||||8||||||||31|95|
Jeffrey Springs|605488|2026|15|30|12|7|30|5|16|73|14|76|16|42|31|45||15|9|18|
Chase Burns|695505|2026|83|85|75|60|86|22|37|23|22|51|89|43|91|85||83|92|99|
Miguel Ullola|699044|2026|||||||||69||||||||55|97|
Juan Morillo|666661|2026|98|98|99|97|94|98|98|96|48|91|84|46|79|93||98|96|37|
Shota Imanaga|684007|2026|64|58|31|17|82|2|12|56|9|61|67|95|82|91||64|10|93|41
Max Fried|608331|2026|98|90|97|98|94|94|99|96|27|97|62|62|48|47||98|41|11|83
Kohl Drake|684442|2026|||||||||75||||||||12|49|42
Elvis Alvarado|665660|2026|33|78|26|6|62|51|1|9|14|1|86|18|89|23||33|96|87|
Easton McGee|668834|2026|||||||||6||||||||23|86|
Cooper Criswell|681867|2026|||||||||45||||||||6|11|
Jose Cabrera|703615|2026|||||||||37||||||||38|43|15
Tyler Davis|699823|2026|||||||||72||||||||79|82|
Josh Hader|623352|2026|||||||||76||||||||60|47|
Nick Martinez|607259|2026|55|16|30|44|75|10|62|86|2|88|4|100|2|66||55|20|54|41
Corbin Martin|656686|2026|||||||||84||||||||57|92|
Brandon Eisert|685126|2026|||||||||52||||||||3|11|
Kolby Allard|663465|2026|||||||||50||||||||3|1|
Nick Davila|689546|2026|||||||||69||||||||55|7|
Alex Vesia|681911|2026|96|99|96|82|92|91|75|78|19|84|95|4|96|64||96|16|94|
Luke Murphy|684665|2026|||||||||60||||||||71|40|
Anthony Banda|607455|2026|||||||||3||||||||52|13|
Joe Rock|697812|2026|||||||||65||||||||32|70|
Matt Waldron|663362|2026|||||||||65||||||||13|5|
Connelly Early|813349|2026|40|62|36|21|49|29|7|9|20|35|58|49|37|57||40|32|50|25
Brendan Beck|694341|2026|||||||||49||||||||22|28|
Scott Barlow|605130|2026|||||||||77||||||||2|37|40
Seth Johnson|686751|2026|||||||||58||||||||90|70|
Wilber Dotel|696062|2026|||||||||50||||||||95|55|
Robert Suarez|663158|2026|||||||||81||||||||96|83|
Jesús Luzardo|666200|2026|93|87|93|91|88|35|79|81|49|86|93|72|91|81||93|81|35|
CJ Van Eyk|669310|2026|||||||||49||||||||29|3|
Grant Anderson|681982|2026|85|86|81|69|86|70|48|59|44|59|47|32|52|34||85|31|73|
Ryan Watson|670245|2026|24|16|19|23|37|43|12|52|12|64|40|64|53|79||24|41|31|9
Robby Ahlstrom|695239|2026|||||||||45||||||||49|18|
Jonathan Pintaro|702752|2026|||||||||38||||||||62|67|
Osvaldo Bido|674370|2026|||||||||70||||||||52|75|
Tyler Gilbert|656457|2026|||||||||83||||||||4|10|
Lake Bachar|669199|2026|79|90|77|50|78|52|46|45|49|81|75|28|84|29||79|48|100|92
Hoby Milner|571948|2026|||||||||35||||||||1|1|
Yovanny Cruz|672442|2026|||||||||74||||||||99|13|
Sean Burke|680732|2026|65|67|62|50|64|12|34|26|15|43|72|46|53|62||65|54|96|33
Trent Thornton|663423|2026|||||||||3||||||||59|77|97
Zebby Matthews|805673|2026|34|39|22|17|57|9|7|4|25|17|41|70|29|23||34|62|55|21
Jhoan Duran|661395|2026|100|96|98|98|100|98|96|23|46|41|98|99|98|84||100|99|10|59
Will Vest|676684|2026|||||||||28||||||||71|35|
Braydon Fisher|680755|2026|42|74|71|64|22|51|16|66|67|40|61|2|74|36||42|48|32|37
Burch Smith|572143|2026|||||||||75||||||||39|69|34
Tyler Phillips|663969|2026|23|26|28|35|17|25|40|26|24|19|25|24|59|71||23|69|10|49
Tanner Scott|656945|2026|88|59|76|86|92|80|67|53|23|78|96|89|98|100||88|87|98|
Jason Alexander|669920|2026|||||||||59||||||||9|27|
Joe Ryan|657746|2026|67|67|45|28|81|9|10|31|2|29|73|96|56|66||67|32|48|80
Chris Murphy|669684|2026|||||||||58||||||||77|79|53
Coleman Crow|689441|2026|||||||||27||||||||9|97|94
Brooks Raley|548384|2026|55|57|61|63|51|80|65|77|52|91|54|43|36|55||55|4|83|
Robert Stock|476594|2026|||||||||56||||||||59|40|
Cooper Hjerpe|687309|2026|||||||||44||||||||5|5|
Tyler Rogers|643511|2026|91|66|93|98|84|99|100|99|24|99|1|64|1|20||91|1|2|
Huascar Brazobán|623211|2026|75|75|82|83|62|86|88|93|38|94|38|18|54|68||75|78|51|
Logan Gilbert|669302|2026|71|66|51|37|80|1|10|23|6|25|82|83|87|71||71|79|35|
Bailey Falter|663559|2026|||||||||50||||||||18|13|
Martín Pérez|527048|2026|28|18|49|73|14|44|90|69|1|75|11|24|17|16||28|2|4|27
Ryan Feltner|663372|2026|18|29|12|7|30|12|16|81|48|68|11|34|39|14||18|52|74|63
Garrett Whitlock|676477|2026|||||||||63||||||||57|25|
Germán Márquez|608566|2026|4|14|4|2|11|52|12|39|18|9|7|27|7|7||4|51|21|56
Craig Kimbrel|518886|2026|||||||||82||||||||35|43|54
Drew Anderson|623454|2026|57|70|62|48|54|37|28|21|6|53|69|36|63|90||57|64|43|72
Chayce McDermott|694646|2026|||||||||66||||||||64|38|
Khristian Curtis|694753|2026|||||||||82||||||||66|80|
Chad Patrick|694477|2026|38|52|49|48|29|47|70|45|1|57|38|18|57|35||38|69|41|
Quinn Mathews|687273|2026|62|42|70|85|43|94|89|38|40|64|43|37|62|7||62|31|40|31
Bubba Chandler|696149|2026|38|57|55|50|24|31|75|38|9|40|37|12|25|22||38|95|78|23
Gavin Collyer|686560|2026|||||||||80||||||||84|87|
Hunter Greene|668881|2026|||||||||74||||||||95|78|
Drey Jameson|686753|2026|||||||||76||||||||79|59|
Michael Petersen|656848|2026|77|94|72|29|79|47|1|4|32|13|92|19|83|82||77|94|73|
Beau Brieske|689225|2026|||||||||77||||||||69|91|
Hunter Brown|686613|2026|81|90|90|83|65|56|77|94|34|61|83|9|61|17||81|77|26|44
Adrian Houser|605288|2026|15|13|12|13|29|22|27|21|25|20|7|70|3|6||15|62|36|1
Trevor Megill|656730|2026|96|88|83|68|99|80|70|9|41|20|87|88|86|99||96|93|80|71
Devin Williams|642207|2026|||||||||72||||||||41|67|
Richard Lovelady|663992|2026|||||||||52||||||||9|56|
Jacob Lopez|682052|2026|70|82|71|57|67|35|59|99|50|93|34|21|45|16||70|4|28|
Jack Leiter|683004|2026|19|25|20|20|17|38|8|66|23|35|57|31|52|51||19|82|86|79
Max Lazar|676661|2026|||||||||77||||||||54|90|
Eric Orze|679358|2026|||||||||20||||||||23|49|91
Sonny Gray|543243|2026|60|39|51|66|64|19|59|35|46|49|43|79|33|77||60|13|83|57
Max Kranick|668820|2026|||||||||83||||||||66|20|4
Jake Bird|656234|2026|||||||||21||||||||48|71|88
Blake Treinen|595014|2026|||||||||13||||||||60|58|
Connor Thomas|671162|2026|||||||||44||||||||9|85|
Camilo Doval|666808|2026|66|74|83|88|38|76|67|3|67|1|64|11|75|32||66|95|96|
Andrés Muñoz|662253|2026|83|90|83|68|79|76|27|31|35|10|99|29|100|98||83|99|61|
Cole Henry|669371|2026|||||||||80||||||||41|91|
Luis García|472610|2026|||||||||67||||||||59|27|
Alex McFarlane|686934|2026|||||||||75||||||||98|96|
Christian Roa|685005|2026|||||||||38||||||||74|11|
Randy Dobnak|677976|2026|19|2|38|87|5|76|91|12|16|29|4|55|7|36||19|12|1|
Gordon Graceffo|700669|2026|27|47|28|21|30|44|22|6|10|11|28|17|18|31||27|64|5|78
Cam Booser|592155|2026|||||||||57||||||||71|2|
Ricky Vanasco|676568|2026|||||||||86||||||||38|28|
Anthony Bender|669622|2026|||||||||62||||||||81|62|
Jacob Latz|656641|2026|96|96|84|57|99|62|30|35|74|26|93|49|90|93||96|55|71|81
Grant Taylor|691799|2026|89|90|89|76|88|58|46|21|16|26|95|43|79|75||89|95|66|43
Brent Suter|608718|2026|56|32|43|50|67|51|65|92|48|94|36|76|39|38||56|1|21|
Tyler Glasnow|607192|2026|91|95|84|58|97|62|30|13|54|48|97|46|92|38||91|69|94|87
Jedixson Paez|699151|2026|||||||||49||||||||12|80|
Hunter Dobbins|690928|2026|56|61|65|69|40|76|54|56|56|40|50|24|33|10||56|52|65|53
Walbert Ureña|700712|2026|82|84|91|89|65|41|85|83|7|74|53|18|70|62||82|94|33|
Evan Sisk|681895|2026|||||||||37||||||||9|3|6
Seth Lugo|607625|2026|11|7|12|16|20|4|40|21|17|15|16|70|5|3||11|11|60|99
Mason Black|696131|2026|||||||||70||||||||41|14|
Luis Gastelum|703725|2026|||||||||68||||||||41|94|
Tanner Bibee|676440|2026|35|32|25|23|54|2|30|39|5|39|26|72|39|19||35|35|20|53
Bobby Miller|676272|2026|||||||||84||||||||87|76|89
Matthew Boyd|571510|2026|25|16|23|33|28|27|46|56|29|55|23|64|26|66||25|23|57|28
Joey Cantillo|676282|2026|54|70|68|66|36|21|48|62|19|38|69|13|78|17||54|17|1|66
Gavin Hollowell|668970|2026|||||||||80||||||||54|99|
Tony Santillan|663574|2026|||||||||56||||||||51|69|
Tim Herrin|682120|2026|59|83|71|53|49|66|30|78|53|58|50|13|87|66||59|44|50|17
Hurston Waldrep|694462|2026|||||||||73||||||||46|16|
Sam Bachman|696147|2026|53|75|81|81|17|76|34|94|14|86|52|4|96|58||53|96|71|
David Morgan|688158|2026|||||||||63||||||||90|64|50
Gabriel Hughes|687312|2026|57|49|55|61|54|70|77|77|69|91|30|49|12|10||57|20|26|40
Ryne Nelson|669194|2026|9|18|2|1|46|29|9|7|30|9|14|85|18|81||9|79|49|64
Travis Adams|701519|2026|44|52|44|37|48|80|72|86|40|87|70|28|69|75||44|49|77|
Kody Funderburk|681892|2026|67|72|86|89|34|94|89|98|20|98|47|9|31|3||67|25|76|
Bailey Ober|641927|2026|25|28|9|5|61|7|11|39|5|51|11|81|11|44||25|1|37|
Bryce Elder|693821|2026|45|32|40|46|49|22|62|14|23|35|27|61|21|18||45|12|19|
Jonathan Bowlan|680742|2026|93|93|88|70|96|80|52|84|70|65|96|81|89|90||93|88|79|
Wandy Peralta|593974|2026|37|8|45|78|28|76|91|66|48|68|5|70|26|77||37|77|9|
Hunter Barco|682995|2026|||||||||31||||||||41|46|
Kumar Rocker|677958|2026|30|35|30|31|32|19|48|35|17|34|41|37|57|58||30|49|18|
Dylan Lee|669276|2026|96|88|90|83|98|86|85|73|54|89|89|83|98|90||96|31|78|
Peyton Pallette|688883|2026|||||||||45||||||||66|51|81
Max Meyer|676974|2026|59|69|59|48|59|37|28|21|33|20|77|43|75|60||59|54|98|
Wyatt Mills|670090|2026|||||||||84||||||||4|1|
Jack Ralston|667652|2026|||||||||74||||||||35|37|
Andrew Morris|702193|2026|81|59|81|91|73|80|91|92|41|78|42|51|32|22||81|89|6|
Hunter Gaddis|683769|2026|49|39|52|66|40|66|48|95|14|97|48|47|81|80||49|60|44|
Ryan Borucki|621366|2026|||||||||52||||||||34|48|
Walker Buehler|621111|2026|40|44|38|36|44|12|33|31|35|45|33|45|8|13||40|44|16|35
Janson Junk|676083|2026|43|28|33|40|59|27|52|20|13|48|11|86|1|23||43|43|69|41
John Schreiber|670167|2026|53|44|49|59|49|86|87|47|56|52|9|20|14|21||53|35|41|
Aaron Nola|605400|2026|44|47|25|17|65|3|18|53|18|32|61|59|64|78||44|15|62|59
Isaac Mattson|676755|2026|||||||||41||||||||46|72|
Greg Weissert|669711|2026|72|67|67|64|73|86|86|88|10|96|58|60|41|72||72|43|31|
Reid Detmers|672282|2026|82|78|66|50|88|14|44|20|22|54|87|83|78|73||82|43|16|44
Robbie Ray|592662|2026|20|41|25|20|16|12|40|35|24|57|31|12|47|23||20|27|56|3
Gabe Speier|642100|2026|||||||||34||||||||64|30|
Michael Lorenzen|547179|2026|1|1|3|8|2|5|19|1|10|2|2|46|3|1||1|38|64|46
Drew Rom|680723|2026|||||||||17||||||||12|47|
Eduardo Rivera|700842|2026|||||||||30||||||||64|35|
Matt Brash|666374|2026|||||||||44||||||||89|41|
Kevin Kelly|687330|2026|79|35|63|78|84|70|77|23|23|6|52|100|44|87||79|11|6|
Blake Weiman|676620|2026|||||||||77||||||||4|53|
Hogan Harris|663687|2026|67|87|85|72|40|70|59|78|53|83|86|4|51|1||67|62|68|65
Slade Cecconi|677944|2026|22|13|14|15|38|17|25|29|29|25|25|67|13|19||22|35|66|29
Tyler Ferguson|621053|2026|||||||||67||||||||68|60|
Luke Weaver|596133|2026|86|83|76|67|92|70|44|59|34|80|82|79|85|88||86|64|88|
Xzavion Curry|675540|2026|||||||||54||||||||5|16|
Tyler Samaniego|701719|2026|||||||||43||||||||31|27|
Luis Medina|665622|2026|60|80|71|58|48|62|42|14|46|45|89|9|93|9||60|91|83|56
Ken Waldichuk|686610|2026|||||||||45||||||||||19
Gavin Williams|668909|2026|62|77|43|16|76|1|3|12|3|1|97|54|94|81||62|90|33|34
Tommy Nance|667297|2026|31|26|29|37|38|70|52|45|52|51|78|40|60|87||31|51|37|86
Jackson Kent|800600|2026|||||||||44||||||||27|17|43
Sandy Alcantara|645261|2026|64|37|58|72|61|14|83|47|38|67|11|81|17|55||64|90|49|24
Landon Knack|689017|2026|||||||||88||||||||38|87|
Braxton Ashcraft|677952|2026|77|62|64|64|84|29|74|21|22|22|73|95|54|97||77|89|66|76
Jacob Misiorowski|694819|2026|99|99|99|96|99|66|96|83|38|86|100|81|99|88||99|100|99|6
Jefry Yan|642376|2026|||||||||24||||||||91|92|
Tanner Rainey|663432|2026|||||||||92||||||||84|81|
Reynaldo López|625643|2026|20|18|20|27|20|52|54|73|12|68|39|32|26|14||20|44|7|13
Yoendrys Gómez|672782|2026|6|23|16|14|3|56|33|47|9|10|45|5|58|13||6|69|90|
Colin Holderman|670059|2026|60|77|79|76|37|76|44|77|37|7|50|42|63|42||60|84|49|77
Tayler Saucedo|642048|2026|||||||||48||||||||20|78|
Antonio Senzatela|622608|2026|52|23|59|80|39|62|72|47|2|32|28|51|37|54||52|88|48|38
Bradley Hanner|690440|2026|||||||||19||||||||19|93|
Kyle Leahy|681517|2026|18|10|14|20|29|9|12|2|18|1|47|76|29|14||18|46|26|16
Jordan Romano|605447|2026|||||||||69||||||||38|59|
Luis Perales|691384|2026|||||||||70||||||||98|46|
Hunter Bigge|685801|2026|||||||||62||||||||82|80|
Taj Bradley|671737|2026|55|69|55|40|54|7|21|3|27|3|83|27|68|25||55|89|60|26
Eli Morgan|669212|2026|||||||||59||||||||9|49|
Mason Barnett|686930|2026|11|42|19|13|10|66|25|17|45|33|43|5|26|10||11|57|36|69
Caleb Ferguson|657571|2026|||||||||44||||||||18|51|
Tatsuya Imai|837227|2026|27|75|57|35|11|52|21|47|28|8|88|1|94|22||27|55|2|
Danny Young|664849|2026|||||||||89||||||||38|67|
Cionel Pérez|672335|2026|||||||||9||||||||83|24|66
Daniel Espino|682982|2026|||||||||63||||||||97|87|
Chris Sale|519242|2026|89|80|86|87|89|37|74|70|21|75|94|97|85|96||89|75|65|
Daniel Lynch IV|663738|2026|26|21|20|24|37|47|56|45|34|51|7|69|24|47||26|44|28|8
Jovani Morán|663558|2026|80|93|84|64|73|66|40|86|33|97|79|11|92|32||80|23|75|
Connor Brogdon|641401|2026|||||||||40||||||||52|63|
JT Brubaker|664141|2026|13|8|21|40|8|80|83|64|16|67|5|24|14|51||13|35|32|70
Brayan Bello|678394|2026|18|4|17|38|19|31|52|38|21|33|20|70|47|71||18|66|4|31
Brock Stewart|592779|2026|||||||||73||||||||68|92|
Steven Cruz|674444|2026|52|50|38|30|65|51|3|35|29|58|78|55|75|20||52|96|32|
Joel Kuhnel|669270|2026|||||||||25||||||||62|48|
Sammy Peralta|671111|2026|||||||||74||||||||2|20|
Joey Lucchesi|664192|2026|||||||||85||||||||15|39|
Eury Pérez|691587|2026|52|78|52|26|56|9|10|52|19|37|72|25|75|64||52|94|99|75
Calvin Faucher|676534|2026|70|67|91|96|25|91|93|69|43|49|68|7|57|28||70|77|70|95
Mitchell Parker|680730|2026|||||||||33||||||||35|22|9
Michael McGreevy|700241|2026|8|4|5|8|22|1|21|17|3|21|9|78|10|28||8|11|34|44
Erik Sabrowski|681870|2026|97|100|99|89|86|97|67|31|56|82|99|1|88|40||97|44|97|60
Dylan Smith|681916|2026|||||||||24||||||||69|85|
Andre Granillo|701552|2026|||||||||75||||||||46|42|
Chase Shugart|663767|2026|65|82|47|16|73|62|10|84|75|84|78|42|36|5||65|64|15|
Brandon Woodruff|605540|2026|||||||||70||||||||15|63|
Peter Strzelecki|657265|2026|||||||||59||||||||18|74|92
Lucas Giolito|608337|2026|||||||||41||||||||6|17|
Carlos Carrasco|471911|2026|||||||||68||||||||8|32|
Eddy Yean|678868|2026|||||||||93||||||||85|70|
Shohei Ohtani|660271|2026|95|88|95|96|88|91|95|78|45|83|83|62|85|45||95|93|89|64
Spencer Strider|675911|2026|||||||||41||||||||60|69|61
Tim Mayza|641835|2026|76|61|57|53|84|70|70|31|50|3|59|81|25|13||76|48|6|
Robert Gasser|688107|2026|40|39|42|44|40|38|46|93|9|82|49|67|28|22||40|23|23|
Jack Weisenburger|674073|2026|||||||||73||||||||54|22|
Peter Lambert|663567|2026|67|75|68|61|64|25|62|64|9|71|55|43|52|55||67|39|51|
Enyel De Los Santos|660853|2026|78|73|61|43|87|70|82|62|65|55|49|81|64|79||78|60|43|
Dean Kremer|665152|2026|45|62|21|7|72|41|24|70|60|75|59|57|75|42||45|18|42|84
AJ Smith-Shawver|700363|2026|||||||||33||||||||77|19|20
Jayden Murray|681151|2026|||||||||66||||||||64|88|
Drew Pomeranz|519141|2026|||||||||62||||||||16|98|7
Justin Martinez|679885|2026|||||||||90||||||||100|36|
Cam Sanders|676742|2026|||||||||67||||||||74|99|
Blas Castaño|680604|2026|||||||||37||||||||46|20|
Payton Tolle|801139|2026|95|90|91|85|97|41|77|73|28|79|86|81|70|96||95|71|48|30
Logan Allen|671106|2026|||||||||65||||||||5|13|
Jakob Junis|596001|2026|31|8|46|78|20|97|97|73|30|72|8|61|4|34||31|17|13|
Emerson Hancock|676106|2026|54|49|31|24|73|16|25|21|9|22|49|91|41|28||54|62|73|52
Bryan Abreu|650556|2026|47|92|77|46|20|86|70|7|34|24|91|1|97|18||47|71|36|
Parker Messick|800048|2026|85|72|80|82|86|37|88|73|13|80|72|81|53|60||85|41|19|13
Kyle Bradish|680694|2026|30|44|37|35|30|12|30|56|13|43|40|21|39|47||30|52|44|64
Cole Wilcox|677961|2026|||||||||9||||||||83|8|
Landen Roupp|694738|2026|62|62|77|86|32|41|87|93|24|96|43|14|46|47||62|31|9|96
J.T. Ginn|669372|2026|47|50|62|70|32|38|75|78|21|72|38|32|61|40||47|32|2|24
Dax Fulton|690978|2026|||||||||43||||||||59|58|
Anthony Nunez|689296|2026|57|67|62|50|49|80|72|69|52|29|73|27|94|95||57|75|98|
Joe Mantiply|573009|2026|||||||||66||||||||1|22|24
Carlos Rodón|607074|2026|59|73|72|69|44|62|62|17|38|49|79|16|82|44||59|44|72|
Anthony Gose|543238|2026|||||||||73||||||||71|86|
Jordan Leasure|673929|2026|||||||||6||||||||73|56|
Brant Hurter|676428|2026|||||||||70||||||||13|8|
Raymond Burgos|670103|2026|||||||||41||||||||5|29|
Trevor Williams|592866|2026|||||||||57||||||||2|22|
Nolan McLean|690997|2026|71|77|80|78|56|25|67|69|25|71|75|38|39|21||71|66|48|100
Brandon Pfaadt|694297|2026|57|32|45|58|67|22|54|53|31|76|10|91|18|66||57|30|88|39
Jason Adam|592094|2026|||||||||5||||||||34|94|
