name|player_id|year|xwoba|xba|xslg|xiso|xobp|brl|brl_percent|exit_velocity|max_ev|hard_hit_percent|k_percent|bb_percent|whiff_percent|chase_percent|arm_strength|sprint_speed|oaa|bat_speed|squared_up_rate|swing_length
Chase Meidroth|805367|2026|23|33|14|18|46|31|20|20|62|24|47|56|79|56|9|48|95|1|85|5
Jesus Rodriguez|683679|2026|||||||||22|||||||77||||
Dansby Swanson|621020|2026|25|10|35|56|20|38|44|53|64|48|38|66|15|70|20|75|99|37|60|68
Sebastián Rivero|665861|2026|||||||||21|||||||10||||
Nolan Schanuel|694384|2026|70|95|41|14|91|5|6|22|23|18|93|54|88|66|16|13|88|||
Alec Bohm|664761|2026|57|76|57|42|59|54|30|77|51|69|88|24|87|74|17|26|4|33|95|31
Jorge Barrosa|678489|2026|||||||||12||||||37|79||||
Heston Kjerstad|677008|2026|||||||||2|||||||60||||
Bryson Stott|681082|2026|61|76|50|33|76|48|28|50|78|33|78|62|82|47|37|76|93|20|89|31
Wilyer Abreu|677800|2026|84|58|86|86|63|95|85|62|89|67|54|65|46|49|98|66|80|69|41|31
Spencer Jones|682987|2026|||||||||95||||||79|88|15|||
Matt Olson|621566|2026|87|48|95|98|39|99|93|93|77|94|28|51|40|63|24|9|96|82|39|68
Connor Wong|657136|2026|||||||||67|||||||55||||
Aramis Garcia|605244|2026|||||||||19|||||||15||||
Sterlin Thompson|694514|2026|||||||||62|||||||54||||
Mike Trout|545361|2026|98|62|91|93|98|93|98|67|94|81|21|100|39|96|65|83|11|80|18|59
Andy Ibáñez|628451|2026|||||||||16|||||||47||||
Justin Crawford|702222|2026|9|64|8|2|24|3|2|18|49|25|73|12|84|12|29|96|27|13|68|16
Brice Turang|668930|2026|80|61|66|62|86|62|50|70|56|54|25|93|53|80|22|81|98|21|50|8
Jeff McNeil|643446|2026|22|83|20|7|43|3|2|10|39|11|95|13|90|17|12|23|18|11|86|40
Zack Gelof|680869|2026|56|33|75|80|27|57|72|59|47|64|31|21|26|79|43|86|41|69|38|40
Hyeseong Kim|808975|2026|||||||||12||||||45|86||||
Julio Rodríguez|677594|2026|71|76|75|64|52|73|58|71|94|70|45|21|36|8|89|85|18|94|21|88
Jake Meyers|676694|2026|||||||||22||||||23|63||||
Carson Kelly|608348|2026|35|41|29|30|52|20|24|13|39|29|79|54|78|78||14||27|78|11
Cooper Ingle|694876|2026|||||||||11|||||||11||||
Michael Busch|683737|2026|64|24|53|59|76|73|61|36|49|46|39|91|39|79|1|16|87|9|81|16
Pedro Ramírez|699393|2026|||||||||36||||||22|77|78|||
JJ Bleday|668709|2026|73|33|60|69|76|63|64|36|85|47|45|93|36|88|81|50|26|67|29|40
Christian Koss|683766|2026|||||||||43||||||36|90|75|||
Everson Pereira|677592|2026|||||||||39||||||91|53||||
Matthew Lugo|683090|2026|||||||||5|||||||58||||
Isiah Kiner-Falefa|643396|2026|||||||||47||||||7|52|94|||
Brett Sullivan|664954|2026|||||||||29|||||||68||||
Nathaniel Lowe|663993|2026|70|78|69|59|64|43|55|56|85|55|39|47|64|66|11|11||79|11|59
Graham Pauley|688363|2026|||||||||33||||||16|27||||
Mauricio Dubón|643289|2026|27|78|29|16|37|28|13|11|37|10|95|11|91|11|73|33|90|13|75|68
Sal Stewart|701398|2026|80|66|84|84|53|94|80|74|75|55|44|49|32|34|17|28|23|48|40|68
Amed Rosario|642708|2026|||||||||80||||||53|82||||
Brayan Rocchio|677587|2026|16|45|15|16|29|13|8|17|53|12|87|15|62|29|44|49|97|18|71|40
Jackson Holliday|702616|2026|14|27|16|22|22|17|36|17|19|20|35|57|33|68|14|88|31|||
Otto Kemp|805249|2026|||||||||7|||||||71||||
Angel Genao|694197|2026|||||||||43||||||80|76||||
Nicky Lopez|670032|2026|||||||||15||||||41|53|78|||
Walker Jenkins|805805|2026|||||||||17||||||29|56||||
Alex Jackson|656577|2026|||||||||42|||||||58||||
JJ Wetherholt|802139|2026|84|62|68|67|84|62|46|59|43|76|77|65|75|94|19|55|100|44|87|59
Jorge Polanco|593871|2026|||||||||43|||||||18||||
Noelvi Marte|682622|2026|||||||||87||||||93|91||||
Coby Mayo|691723|2026|71|26|88|96|22|69|91|84|99|83|7|33|20|38|83|61|37|89|9|50
Agustín Ramírez|682663|2026|||||||||96|||||||44||||
Will Smith|669257|2026|||||||||69|||||||42||||
Lane Thomas|657041|2026|35|31|24|28|63|17|36|50|58|50|27|84|57|97|91|91|7|||
Danny Jansen|643376|2026|||||||||28|||||||32||||
Alejandro Kirk|672386|2026|||||||||55|||||||1||||
Dominic Canzone|686527|2026|90|87|92|87|73|84|80|83|95|74|53|47|34|21|84|26||74|67|50
Brian Navarreto|640459|2026|||||||||31|||||||15||||
Hunter Feduccia|676439|2026|||||||||36|||||||36||||
Casey Schmitt|669477|2026|88|96|98|89|42|71|80|64|82|74|59|1|67|15|69|65|81|53|72|68
Emmanuel Rodriguez|691181|2026|||||||||72|||||||64||||
Nick Yorke|694377|2026|||||||||91|||||||57||||
Ryan Waldschmidt|814439|2026|||||||||42||||||48|91|75|||
Jim Jarvis|805347|2026|||||||||43||||||81|63||||
Jordan Walker|691023|2026|73|73|82|78|49|95|90|94|99|91|20|25|9|18|99|92|5|100|9|99
Travis Bazzana|683953|2026|23|15|15|26|44|27|24|29|35|32|53|74|52|67|11|75|49|16|56|16
Joey Loperfido|694388|2026|||||||||21||||||32|77||||
Kyle Schwarber|656941|2026|91|26|89|97|85|93|96|92|89|90|4|96|5|72||11||97|2|59
Ben Williamson|810938|2026|||||||||49||||||29|69|14|||
Oswaldo Cabrera|665828|2026|||||||||3|||||||34||||
Freddy Fermin|666023|2026|||||||||15|||||||51||||
Romy Gonzalez|663853|2026|||||||||36|||||||35||||
Endy Rodríguez|682848|2026|||||||||35|||||||37||||
Sam Antonacci|803011|2026|82|93|48|21|97|31|22|24|39|20|84|29|95|92|68|71|6|15|88|3
Jonathan Aranda|666018|2026|78|61|71|71|72|78|67|82|75|80|29|66|59|54|20|12|59|25|72|25
Jake Burger|669394|2026|43|18|62|77|20|87|80|67|91|78|16|49|4|20|25|48|71|89|20|59
Cole Young|702284|2026|40|69|43|32|49|43|23|35|74|36|74|16|79|42|2|61|8|41|72|11
Elias Díaz|553869|2026|||||||||80|||||||2||||
Andrés Giménez|665926|2026|4|30|9|12|5|13|12|4|45|3|66|1|49|2|60|57|99|5|43|16
Mookie Betts|605141|2026|75|90|69|51|73|63|50|70|35|37|96|47|97|97|26|30|93|16|99|16
Ryan Mountcastle|663624|2026|||||||||71|||||||21||||
Luke Keaschall|807712|2026|49|56|27|22|76|22|13|4|28|9|88|53|86|88|37|86|1|12|77|5
Munetaka Murakami|808959|2026|86|2|83|98|68|91|100|98|93|99|1|99|1|91|8|33|47|80|7|92
Brenton Doyle|686668|2026|||||||||56||||||96|92|48|||
Jose Altuve|514888|2026|2|12|7|14|5|22|17|7|43|16|58|21|63|13|4|52|2|9|80|68
Raynel Delgado|669384|2026|||||||||12|||||||44||||
Andrew McCutchen|457705|2026|||||||||20|||||||56||||
Ceddanne Rafaela|678882|2026|9|51|22|20|8|38|25|11|58|17|56|2|45|1|94|90|99|15|43|40
Lenyn Sosa|672820|2026|||||||||31|||||||31||||
Josh Smith|669701|2026|||||||||35||||||9|63|19|||
TJ Friedl|670770|2026|||||||||22||||||42|31|88|||
Ketel Marte|606466|2026|82|87|81|65|69|81|62|67|99|61|89|36|78|36|32|33|87|82|69|80
Garrett Stubbs|596117|2026|||||||||11|||||||49||||
Austin Hedges|595978|2026|||||||||53|||||||2||||
Kyle Stowers|669065|2026|61|16|69|84|37|69|87|93|87|99|4|64|2|26|68|23|14|87|16|8
Carlos Jorge|699115|2026|||||||||7||||||94|100||||
Dalton Rushing|687221|2026|||||||||76|||||||47||||
Junior Perez|678577|2026|||||||||24|||||||61||||
Christian Walker|572233|2026|27|16|47|58|13|73|62|46|84|49|39|29|24|36|4|15|84|74|13|50
Ramón Urías|602104|2026|||||||||25|||||||32||||
Iván Herrera|671056|2026|69|49|38|38|88|52|30|53|82|48|63|69|73|59||20||67|46|80
David Hamilton|666152|2026|5|13|3|8|13|7|12|16|58|6|44|39|62|51|58|94|1|||
Ali Sánchez|645305|2026|||||||||23|||||||8||||
Gunnar Henderson|683002|2026|50|45|52|49|55|68|47|47|78|66|45|56|53|45|75|72|70|72|30|40
Justin Foscue|679822|2026|||||||||71||||||5|54|83|||
Thomas Saggese|695336|2026|||||||||71||||||32|71||||
Cody Bellinger|641355|2026|70|83|56|39|80|51|38|47|50|36|82|69|76|46|95|46|90|18|91|92
Ronny Simon|682927|2026|||||||||51|||||||84||||
Shohei Ohtani|660271|2026|98|95|99|98|96|97|98|97|94|95|27|92|11|47||56||80|54|92
Drew Romo|691011|2026|||||||||42|||||||24||||
Teoscar Hernández|606192|2026|66|66|71|68|52|63|72|71|85|77|12|44|8|39|74|77|11|53|35|88
Trevor Story|596115|2026|||||||||53||||||17|58|41|||
Yordan Alvarez|670541|2026|100|100|100|100|100|100|98|99|100|97|74|97|78|54|40|9||91|68|80
Bryan De La Cruz|650559|2026|||||||||49||||||81|61||||
Oswald Peraza|672724|2026|4|13|9|18|4|15|32|26|87|29|8|4|15|9|49|82|32|54|6|68
Luke Raley|670042|2026|||||||||93||||||79|83||||
Trey Mancini|641820|2026|||||||||20|||||||28||||
Salvador Perez|521692|2026|40|51|69|73|9|88|71|47|74|61|64|3|43|1||1||41|43|80
Edouard Julien|666397|2026|||||||||48||||||10|30|13|||
Parker Meadows|678009|2026|||||||||16|||||||74||||
Lourdes Gurriel Jr.|666971|2026|||||||||20||||||66|19||||
Ronny Mauricio|677595|2026|||||||||74|||||||14||||
Miguel Vargas|678246|2026|96|73|93|93|94|97|88|67|88|69|72|96|70|95|47|82|7|70|62|88
Yoán Moncada|660162|2026|||||||||65|||||||25||||
Josue De Paula|800543|2026|||||||||36|||||||41||||
Nolan Gorman|669357|2026|||||||||78||||||35|5|59|||
Kevin McGonigle|805808|2026|88|76|76|67|91|68|43|29|52|34|88|94|89|98|27|73|15|33|87|11
Alex Call|669743|2026|||||||||51||||||68|60||||
Carson Williams|700246|2026|||||||||60|||||||59||||
Ryan Vilade|668723|2026|||||||||91||||||64|81||||
Samuel Basallo|694212|2026|45|24|73|81|13|57|78|74|84|64|17|34|12|5||3||74|34|68
Scott Bandura|814154|2026|||||||||5|||||||59||||
J.T. Realmuto|592663|2026|44|51|38|36|53|22|25|56|73|45|50|34|50|49||69||61|62|50
Kyle Isbel|664728|2026|||||||||32||||||26|47|92|||
Taylor Walls|670764|2026|1|1|1|1|3|1|4|5|31|2|31|66|63|76|32|61|21|||
Luis Rengifo|650859|2026|28|58|13|9|61|8|16|28|49|22|90|57|76|43|58|42|30|||
Braxton Fulford|690924|2026|||||||||52|||||||82||||
Chadwick Tromp|644433|2026|||||||||16|||||||2||||
Jimmy Crooks|699625|2026|||||||||56|||||||36||||
Esteury Ruiz|665923|2026|||||||||33||||||34|98||||
Brice Matthews|694728|2026|||||||||72||||||81|83|90|||
Joey Ortiz|687401|2026|20|40|13|15|29|11|15|47|81|36|59|42|77|30|45|91|99|||
Zach McKinstry|656716|2026|11|23|2|4|42|1|2|7|20|3|81|61|86|60|86|62|93|4|67|3
Daniel Susac|691740|2026|||||||||16|||||||36||||
Eric Haase|606992|2026|||||||||35|||||||75||||
Spencer Horwitz|687462|2026|35|18|13|23|64|27|27|14|33|13|81|86|88|82|4|4|11|||
Bryce Johnson|669369|2026|||||||||2|||||||73||||
Masataka Yoshida|807799|2026|||||||||42|||||||20||||
Rodolfo Durán|660710|2026|||||||||37|||||||50||||
Lucas Spence|828599|2026|||||||||28|||||||73||||
Austin Riley|663586|2026|22|6|48|71|7|84|83|84|81|73|3|25|10|31|42|62|66|91|7|68
Max Muncy|571970|2026|82|34|82|89|63|81|86|64|62|78|25|78|21|75|31|43|38|33|46|16
Jakob Marsee|805300|2026|38|24|10|14|82|17|13|20|70|23|55|89|84|91|78|63|94|24|81|5
Bo Bichette|666182|2026|64|91|64|40|65|63|36|56|96|56|69|20|80|4|35|19|47|18|64|31
Ryan O'Hearn|656811|2026|43|51|49|44|40|35|40|46|35|60|49|29|60|36|27|31|20|28|71|25
Jo Adell|666176|2026|53|62|71|70|34|72|57|71|99|73|33|6|28|20|65|75|9|97|5|80
TJ Rumfield|681198|2026|66|71|38|26|89|38|22|2|62|6|90|80|82|45|1|5|81|8|50|1
Trevor Larnach|663616|2026|57|69|47|34|72|38|47|28|58|32|69|66|34|50|56|31|13|49|49|31
Reese McGuire|624512|2026|||||||||1|||||||7||||
Josh Jung|673962|2026|85|94|74|51|87|38|44|79|60|90|71|33|82|53|34|13|22|26|91|16
Daniel Schneemann|682177|2026|||||||||36||||||93|54|92|||
Alec Burleson|676475|2026|94|96|98|93|82|93|75|90|80|91|70|36|59|10|11|12|61|69|66|80
Anthony Seigler|678011|2026|||||||||15||||||14|11|17|||
Connor Norby|681393|2026|30|8|24|42|46|22|47|22|25|29|11|71|21|62|29|66|28|28|16|16
Edmundo Sosa|624641|2026|||||||||77||||||17|84|85|||
Maikel Garcia|672580|2026|40|82|25|12|68|8|17|59|68|47|84|46|95|88|73|55|87|||
Victor Scott II|687363|2026|||||||||21||||||62|97||||
Jonathan India|663697|2026|||||||||17|||||||57||||
Christopher Morel|666624|2026|||||||||94|||||||57||||
Bo Naylor|666310|2026|||||||||45|||||||49||||
Joshua Báez|695491|2026|||||||||78||||||86|93||||
Tanner Murray|695020|2026|||||||||42|||||||36||||
Ryan McMahon|641857|2026|20|20|35|47|12|31|59|76|70|74|9|29|16|60|48|14|70|||
José Tena|677588|2026|||||||||93|||||||60||||
Vidal Bruján|660644|2026|||||||||5|||||||12||||
Vladimir Guerrero Jr.|665489|2026|63|91|50|24|78|62|41|71|98|73|92|51|76|43|15|24|88|92|64|68
Xavier Edwards|669364|2026|35|68|18|13|69|15|11|14|42|7|89|80|84|84|4|76|24|6|92|1
Tyler Freeman|671289|2026|||||||||62||||||88|56|6|||
Pedro Pagés|686780|2026|||||||||45|||||||10||||
Turner Hill|806367|2026|||||||||13||||||66|78||||
LuJames Groover|694410|2026|||||||||19|||||||34||||
Yandy Díaz|650490|2026|82|91|73|51|78|69|43|81|92|87|87|36|94|54||17||65|84|68
Ildemaro Vargas|545121|2026|20|80|23|11|29|13|11|22|51|25|96|9|92|7|7|40|77|30|88|50
Max Schuemann|680474|2026|||||||||18||||||46|57||||
Bryan Reynolds|668804|2026|88|62|76|75|90|88|74|80|92|85|40|89|28|81|80|71|17|56|46|16
Brooks Lee|686797|2026|5|21|16|24|2|35|19|33|33|21|80|12|72|20|36|24|67|24|72|16
Brent Rooker|667670|2026|||||||||75|||||||53||||
Ben Ross|805346|2026|||||||||5|||||||86||||
Ryan Ritter|690022|2026|||||||||8|||||||70||||
Tommy Edman|669242|2026|||||||||40||||||58|65|85|||
Kevin Alcántara|682634|2026|||||||||20|||||||58||||
Jhonny Pereda|640902|2026|||||||||24|||||||3||||
Jahmai Jones|663330|2026|||||||||78|||||||81||||
Kyle Karros|691720|2026|71|57|55|47|80|48|54|56|78|50|53|82|47|80|47|37|57|21|70|16
Tsung-Che Cheng|691907|2026|||||||||9|||||||90||||
Jeremy Peña|665161|2026|60|80|68|57|44|43|44|38|60|44|33|6|11|7|34|93|11|50|28|68
Drake Baldwin|686948|2026|93|90|96|90|86|93|87|86|87|93|50|47|47|22||16||87|43|40
Michael Stefanic|683021|2026|||||||||8|||||||12||||
Josh Bell|605137|2026|66|64|75|72|48|78|62|64|92|57|61|36|57|50||17||44|59|92
Jac Caglianone|695506|2026|89|93|93|86|61|87|89|96|98|98|21|13|21|6|100|39|2|96|34|92
Jacob Wilson|805779|2026|||||||||17||||||72|38|94|||
Stuart Fairchild|656413|2026|||||||||13|||||||51||||
Josh Naylor|647304|2026|37|82|37|19|49|38|20|18|76|27|94|19|86|11|25|1|75|21|90|59
Michael Helman|680737|2026|||||||||2|||||||96||||
Lars Nootbaar|663457|2026|||||||||87||||||84|50||||
Spencer Torkelson|679529|2026|38|5|45|69|37|76|79|54|56|57|4|82|9|93|1|26|1|61|23|80
Alika Williams|675961|2026|||||||||30||||||25|67|82|||
Carson Benge|701807|2026|75|89|69|54|73|63|46|43|56|41|49|29|67|63|99|83|69|32|55|3
Ty France|664034|2026|60|53|63|62|49|57|62|88|53|84|47|22|28|22|6|3|93|48|26|68
Joe Mack|691788|2026|||||||||50|||||||18||||
Gabriel Gonzalez|694224|2026|||||||||2|||||||18||||
Jose Trevino|624431|2026|||||||||17|||||||1||||
Caleb Durbin|702332|2026|14|27|4|4|49|11|7|1|33|4|90|46|87|61|25|63|92|13|70|16
Francisco Alvarez|682626|2026|50|20|67|79|27|71|96|80|92|87|6|53|3|35||9||74|26|40
Kenny Piper|700652|2026|||||||||9|||||||26||||
Yohendrick Piñango|682818|2026|||||||||95||||||37|45||||
Gleyber Torres|650402|2026|53|57|27|21|87|22|32|9|25|17|63|95|59|99|8|8|12|5|80|16
Jonatan Clase|682729|2026|||||||||11|||||||72||||
Randy Arozarena|668227|2026|85|68|60|56|91|67|53|81|88|67|49|64|37|44|32|42|12|30|62|31
Jorge Mateo|622761|2026|||||||||81||||||66|99|32|||
Anthony Volpe|683011|2026|||||||||27||||||13|77|92|||
Darell Hernaiz|687231|2026|||||||||40||||||17|59||||
Buddy Kennedy|671083|2026|||||||||18|||||||69||||
Tyler O'Neill|641933|2026|||||||||70||||||90|66||||
Sean Murphy|669221|2026|||||||||37|||||||12||||
Leo Jiménez|677870|2026|||||||||33||||||40|65||||
Blaze Alexander|677942|2026|||||||||88||||||96|78|12|||
Andruw Monasterio|655316|2026|12|21|16|25|13|20|37|24|29|15|62|27|81|69|17|44|1|||
Brandon Lowe|664040|2026|63|34|78|81|39|89|82|82|72|79|9|56|3|27|11|39|98|65|25|25
Dylan Crews|686611|2026|45|36|61|67|26|52|64|67|82|62|31|17|20|33|53|94|88|72|21|68
Jake McCarthy|664983|2026|49|86|56|36|46|47|27|4|65|7|82|7|69|12|17|98|67|37|41|25
Christian Moore|695681|2026|||||||||28||||||5|76||||
Billy Cook|695257|2026|||||||||14||||||100|95||||
Henry Bolte|703607|2026|45|48|33|31|65|38|53|82|96|89|11|39|6|59|87|100|85|95|11|68
Josh Rojas|668942|2026|||||||||13||||||43|21||||
Daulton Varsho|662139|2026|8|18|16|27|6|48|41|13|65|30|56|24|64|15|11|49|93|58|13|80
Gabriel Rincones Jr.|687282|2026|||||||||85||||||56|47||||
Jonah Cox|813841|2026|||||||||15||||||76|99||||
Steven Kwan|680757|2026|61|89|12|1|98|1|1|2|8|1|98|93|100|98|71|49|93|1|100|1
Felix Reyes|694025|2026|||||||||64|||||||77||||
Carlos Narváez|665966|2026|||||||||60|||||||9||||
Javier Sanoja|691594|2026|16|84|19|7|29|11|8|17|39|16|99|9|98|6|39|83|85|14|93|50
Griffin Conine|665052|2026|||||||||96||||||87|33||||
Rece Hinds|677956|2026|||||||||52||||||89|86||||
Sung-Mun Song|823550|2026|||||||||65||||||12|46||||
John Rave|670231|2026|||||||||22||||||55|87||||
Rafael Devers|646240|2026|76|31|87|94|40|89|83|96|84|94|24|74|25|48|19|19|27|44|57|59
Tommy White|695720|2026|||||||||33|||||||30||||
Junior Caminero|691406|2026|91|86|94|91|78|98|89|94|99|91|68|78|51|44|62|30|2|100|31|100
Yainer Diaz|673237|2026|38|84|59|41|19|31|42|47|64|38|82|1|63|4||17||||
Curtis Mead|678554|2026|||||||||60||||||9|37|3|||
Ian Happ|664023|2026|38|3|44|71|37|73|74|50|76|58|8|91|16|87|49|64|77|44|17|11
Chuckie Robinson|642020|2026|||||||||16|||||||3||||
José Fermín|665877|2026|14|53|11|7|39|1|3|9|50|14|91|36|96|90|63|42|40|||
Roman Anthony|701350|2026|||||||||91||||||79|53||||
Ronald Acuña Jr.|660670|2026|92|71|93|94|82|73|88|56|97|67|46|78|25|58|97|43|5|89|13|68
George Springer|543807|2026|29|31|34|40|32|43|37|38|74|40|68|49|53|78||35||63|41|59
Starling Marte|516782|2026|||||||||49||||||60|11||||
Travis d'Arnaud|518595|2026|||||||||13|||||||5||||
Rafael Flores Jr.|804668|2026|||||||||62|||||||25||||
Dillon Dingler|693307|2026|80|76|85|79|53|78|68|43|69|67|41|9|60|28||47||44|58|68
Eduardo Valencia|680664|2026|||||||||83|||||||5||||
Nick Sogard|686765|2026|||||||||19||||||16|54|83|||
Tyler Stephenson|663886|2026|56|26|64|76|43|67|82|80|48|70|13|69|36|90||39||27|55|50
Eli White|642201|2026|||||||||62||||||80|99||||
Weston Wilson|642215|2026|||||||||64||||||37|59||||
Denzel Clarke|672016|2026|||||||||85||||||72|84||||
Marcell Ozuna|542303|2026|||||||||73|||||||4||||
Andrew Knizner|668800|2026|||||||||30|||||||3||||
Eugenio Suárez|553993|2026|27|2|34|64|18|63|83|37|74|29|1|66|4|58|23|22||50|3|88
Charles McAdoo|807727|2026|||||||||31||||||23|89||||
Logan O'Hoppe|681351|2026|||||||||94|||||||46||||
Brett Callahan|814430|2026|||||||||71|||||||73||||
Jarred Kelenic|672284|2026|||||||||69||||||93|40||||
Nick Fortes|663743|2026|||||||||85|||||||37||||
Max Kepler|596146|2026|||||||||68||||||37|45||||
Brendan Donovan|680977|2026|||||||||53||||||41|13||||
Cam Smith|701358|2026|43|24|60|72|19|76|75|38|95|66|20|27|21|49|80|92|91|99|1|80
Trent Grisham|663757|2026|73|43|67|71|71|62|64|77|77|77|67|89|83|99|64|34|9|28|96|50
Adrian Del Castillo|680728|2026|||||||||32|||||||23||||
Jarren Duran|680776|2026|23|30|41|47|12|68|61|56|95|46|15|17|5|22|68|90|90|84|9|68
Daz Cameron|663662|2026|||||||||40|||||||43||||
Randal Grichuk|545341|2026|||||||||91||||||57|48||||
Isaac Collins|686555|2026|13|9|1|5|55|20|21|31|70|43|39|87|66|92|46|55|24|65|46|8
MJ Melendez|669004|2026|||||||||78|||||||44||||
Colson Montgomery|695657|2026|19|1|42|75|3|76|78|38|97|52|1|43|1|32|17|29|97|94|1|97
George Valera|671655|2026|||||||||37|||||||10||||
Kyle Tucker|663656|2026|64|62|45|38|84|52|36|37|42|30|77|88|71|85|60|28|4|36|67|40
CJ Abrams|682928|2026|64|48|68|73|49|81|69|56|69|48|29|46|19|15|53|79|1|60|32|80
Luis García Jr.|671277|2026|75|87|89|84|29|90|79|85|93|80|72|4|72|9|19|24|84|74|67|50
Joey Meneses|608841|2026|||||||||22|||||||9||||
George Lombard Jr.|806146|2026|||||||||72||||||60|93||||
Jose Siri|642350|2026|||||||||89||||||93|99|29|||
Joc Pederson|592626|2026|78|38|78|80|67|57|75|91|68|93|36|78|17|47||5||49|57|59
Addison Barger|680718|2026|||||||||35|||||||20||||
Luisangel Acuña|682668|2026|||||||||56||||||65|98|43|||
James McCann|543510|2026|||||||||56|||||||8||||
César Prieto|693409|2026|||||||||45|||||||27||||
Blake Perkins|663368|2026|||||||||22||||||84|84||||
Victor Mesa Jr.|683748|2026|||||||||65||||||95|65||||
Leody Taveras|665750|2026|3|6|6|17|7|13|16|31|83|18|23|43|49|34|88|90|33|60|17|50
Gavin Sheets|657757|2026|38|16|30|42|55|28|40|20|60|38|56|84|71|40|81|27|14|77|10|80
Tyler Black|672012|2026|||||||||4|||||||67||||
Josh Lowe|666139|2026|11|4|31|57|2|28|60|43|53|34|7|24|10|17|74|67|76|68|1|59
Michael Massey|686681|2026|30|66|58|51|10|36|34|50|39|42|78|4|80|7|14|32|96|44|81|25
Dylan Beavers|687637|2026|18|9|27|44|16|28|54|29|53|39|15|57|41|86|72|91|4|||
Tristan Gray|656484|2026|||||||||74||||||44|22|13|||
Mark Vientos|668901|2026|||||||||62||||||15|14||||
Manny Machado|592518|2026|57|38|60|64|55|81|67|67|80|67|52|78|42|44|48|7|95|80|27|92
Zack Short|670097|2026|||||||||10||||||52|46||||
Andrew Vaughn|683734|2026|||||||||77||||||3|13||||
Oneil Cruz|665833|2026|87|56|86|87|70|67|96|99|100|97|1|77|2|47|99|80|32|98|12|59
Rikuu Nishida|807747|2026|||||||||8|||||||66||||
Jake Cronenworth|630105|2026|3|6|2|10|12|8|14|20|45|10|41|44|69|53|6|66|19|37|36|31
Hunter Goodman|696100|2026|50|19|82|91|10|89|94|59|98|72|6|33|4|5||47||84|4|40
Tyler Tolbert|686475|2026|||||||||25||||||23|93||||
Yohandy Morales|691002|2026|||||||||35|||||||85||||
Fernando Tatis Jr.|665487|2026|97|99|94|81|93|98|86|96|97|97|66|49|39|71|94|88|86|92|77|40
Luis Matos|682641|2026|||||||||14|||||||33||||
Zach Cole|805904|2026|||||||||93|||||||64||||
Nasim Nuñez|683083|2026|2|11|1|1|22|1|1|3|55|2|56|61|67|73|69|97|85|6|36|8
Xander Bogaerts|593428|2026|53|49|31|28|80|38|27|56|80|60|71|89|54|89|30|40|85|50|84|40
Greg Jones|675659|2026|||||||||48|||||||69||||
Cal Raleigh|663728|2026|34|1|45|81|20|76|93|67|83|44|5|95|11|19||15||84|1|92
Austin Slater|596103|2026|||||||||10|||||||63||||
Derek Hill|656537|2026|||||||||56||||||89|95||||
Luis Campusano|669134|2026|||||||||60|||||||10||||
Troy Johnston|687859|2026|51|87|31|13|82|3|4|59|33|30|69|39|47|18|32|22|19|21|79|8
Eliezer Alfonzo|672613|2026|||||||||36|||||||18||||
Jazz Chisholm Jr.|665862|2026|16|7|25|44|13|48|53|74|83|64|8|69|13|52|9|74|98|58|33|92
Daylen Lile|695734|2026|56|66|78|73|26|84|64|38|56|38|62|14|51|8|40|94|73|37|52|59
Gabriel Moreno|672515|2026|91|96|80|56|96|57|47|50|70|59|85|76|91|57||21||43|79|25
Will Wagner|695238|2026|||||||||4|||||||20||||
Liam Hicks|689414|2026|47|71|19|13|80|20|13|3|45|4|97|64|98|69||13||6|93|11
Otto Lopez|672640|2026|57|91|59|34|59|63|30|46|87|49|93|11|80|39|34|81|98|44|89|8
Andrew Pinckney|687605|2026|||||||||70|||||||100||||
Drew Gilbert|687551|2026|69|71|52|39|82|20|28|14|60|33|72|59|60|78|86|52|87|||
Leo Rivas|660844|2026|||||||||6||||||39|52||||
Mickey Moniak|666160|2026|6|5|44|65|1|52|64|59|48|55|13|6|15|2|29|70|55|74|20|88
Petey Halpin|690984|2026|||||||||28||||||98|81||||
Cooper Pratt|806198|2026|||||||||20||||||77|88|72|||
Tyrone Taylor|621438|2026|||||||||56||||||84|92||||
Andrés Chaparro|665953|2026|||||||||73||||||5|6||||
Christian Franklin|681047|2026|||||||||43|||||||60||||
Matt Vierling|663837|2026|||||||||74||||||27|76|80|||
Matt Shaw|807713|2026|||||||||33||||||55|91||||
Jordan Lawlar|691783|2026|||||||||22||||||40|84||||
Jase Bowen|687749|2026|||||||||36||||||70|96||||
Victor Robles|645302|2026|||||||||25||||||63|78||||
Willson Contreras|575929|2026|95|64|89|92|94|78|91|62|98|70|27|76|14|24|51|48|66|96|6|92
Gary Sánchez|596142|2026|||||||||82|||||||2||||
Carlos Correa|621043|2026|||||||||89||||||71|44||||
Evan Carter|694497|2026|7|2|6|20|17|15|21|24|36|24|25|66|24|93|67|89|96|||
Henry Davis|680779|2026|||||||||82|||||||70||||
Colt Emerson|806068|2026|||||||||45||||||27|39|13|||
Braden Shewmake|669699|2026|||||||||67||||||52|73||||
Jeimer Candelario|600869|2026|||||||||8|||||||23||||
Zach Neto|687263|2026|44|7|56|77|27|86|77|64|55|53|6|59|6|14|83|62|8|37|23|25
Brian Serven|661531|2026|||||||||42|||||||17||||
Jonah Heim|641680|2026|10|16|21|33|5|22|28|20|48|17|72|18|67|27||7||||
Brandon Nimmo|607043|2026|73|80|76|62|65|73|59|90|68|92|41|29|51|54|50|66|12|52|50|16
Davis Schneider|676914|2026|||||||||72||||||39|37||||
Lawrence Butler|671732|2026|57|43|49|49|67|54|57|62|85|76|22|80|33|82|55|30|2|67|12|16
Javier Báez|595879|2026|||||||||42||||||66|40|29|||
Jackson Merrill|701538|2026|84|82|91|87|39|94|82|86|85|89|31|14|31|12|91|90|91|64|31|59
Hayden Senger|663584|2026|||||||||10|||||||4||||
Brock Rodden|801126|2026|||||||||21||||||61|82||||
Kyle Farmer|571657|2026|||||||||2|||||||4||||
Luke Maile|571912|2026|||||||||21|||||||4||||
LaMonte Wade Jr.|664774|2026|||||||||31||||||9|14||||
Mike Yastrzemski|573262|2026|33|27|26|31|48|22|37|71|26|62|33|62|54|72|51|40|25|36|74|59
Drew Cavanaugh|701852|2026|||||||||23|||||||25||||
Tyler Callihan|682997|2026|||||||||28|||||||64||||
Ramón Laureano|657656|2026|||||||||55||||||52|64||||
Miguel Amaya|665804|2026|||||||||18|||||||9||||
Mitch Garver|641598|2026|||||||||67|||||||6||||
Jhostynxon Garcia|691373|2026|||||||||55|||||||57||||
Riley Greene|682985|2026|93|73|95|95|88|92|95|64|83|80|19|86|19|74|27|27|12|89|8|40
Moisés Ballesteros|694208|2026|13|13|23|38|9|31|55|70|75|79|36|39|27|13||6||||
Joey Wiemer|686894|2026|||||||||67|||||||88||||
Tyler Heineman|623168|2026|||||||||21|||||||17||||
Luis Torrens|620443|2026|||||||||29|||||||28||||
Blaze Jordan|691458|2026|||||||||62||||||37|14|75|||
Yohel Pozo|650968|2026|||||||||15|||||||2||||
Esmerlyn Valdez|699013|2026|||||||||85||||||65|68||||
Heriberto Hernández|681715|2026|80|34|84|90|53|72|83|85|74|85|18|66|9|86|87|75|80|74|50|80
Colby Thomas|687515|2026|||||||||43||||||77|72||||
Rob Refsnyder|608701|2026|||||||||82|||||||38||||
Rhys Hoskins|656555|2026|||||||||82||||||3|4||||
Sandy León|506702|2026|||||||||4|||||||1||||
Ben Malgeri|701162|2026|||||||||22||||||73|89||||
Osleivis Basabe|678545|2026|||||||||53||||||34|52||||
Harrison Bader|664056|2026|||||||||50||||||52|50||||
Giancarlo Stanton|519317|2026|||||||||98|||||||1||||
Nathan Church|701675|2026|8|40|18|19|8|28|25|5|60|12|74|9|75|4|88|81|77|16|27|25
Christian Yelich|592885|2026|34|21|40|51|29|56|67|46|72|65|16|61|20|83||49||63|23|68
Nico Hoerner|663538|2026|51|99|31|3|85|5|2|8|45|9|99|15|98|27|17|76|96|6|98|40
Bryan Torres|663494|2026|||||||||15||||||81|45||||
Marcelo Mayer|691785|2026|||||||||48||||||14|48|44|||
Juan Brito|682877|2026|||||||||27||||||13|46||||
Francisco Lindor|596019|2026|57|30|65|75|44|52|57|86|76|90|55|59|43|50|27|43|42|58|62|80
Nick Castellanos|592206|2026|||||||||43||||||22|45||||
Kahlil Watson|696135|2026|||||||||18||||||74|73||||
Austin Martin|668885|2026|28|23|4|5|76|3|9|14|25|8|65|87|77|100|73|60|79|||
Carlos Santana|467793|2026|||||||||27|||||||1||||
Sal Frelick|686217|2026|7|33|7|4|20|3|5|5|27|4|97|36|99|81|43|85|72|||
Victor Bericoto|682674|2026|||||||||43||||||98|42||||
Ryan Jeffers|680777|2026|73|38|64|70|72|48|69|42|90|50|70|87|85|71||23||||
Carter Jensen|695600|2026|45|8|62|82|22|84|86|86|92|74|11|73|19|84||59||70|33|25
Michael Harris II|671739|2026|76|98|87|73|42|88|69|76|96|84|63|2|46|1|67|55|98|83|40|98
Ethan Salas|806956|2026|||||||||37|||||||39||||
Ke'Bryan Hayes|663647|2026|||||||||45||||||13|37|89|||
Wyatt Langford|694671|2026|47|21|40|51|58|43|51|38|74|33|41|84|41|72|39|71|91|56|31|11
Chad Stevens|677060|2026|||||||||6|||||||44||||
Grant McCray|687529|2026|||||||||77||||||98|94||||
Andrew Benintendi|643217|2026|30|34|48|53|19|51|56|50|58|76|33|39|27|25||27||21|64|31
Edgar Quero|700337|2026|||||||||22|||||||1||||
Nick Allen|669397|2026|||||||||23||||||43|36|31|||
Alex Freeland|690976|2026|||||||||25||||||21|36|81|||
Oliver Dunn|686554|2026|||||||||7|||||||79||||
Jared Serna|691858|2026|||||||||49|||||||82||||
Ernie Clement|676391|2026|1|36|4|3|1|8|3|2|55|1|98|2|92|2|12|69|10|3|95|25
Jose Fernandez|699912|2026|||||||||76|||||||95||||
Brett Baty|683146|2026|51|41|58|60|44|57|69|74|93|56|19|54|21|57|65|34|77|87|17|59
Trea Turner|607208|2026|13|36|22|24|17|56|30|36|60|42|52|18|31|21|30|98|4|41|46|68
Bryce Eldridge|805811|2026|90|71|84|83|88|57|76|94|90|96|17|92|32|82|7|18||64|36|50
Leo Bernal|699024|2026|||||||||56|||||||21||||
Jordan Beck|687597|2026|||||||||60||||||76|65||||
Edwin Arroyo|695490|2026|||||||||16||||||47|87|82|||
Héctor Rodríguez|699302|2026|||||||||97||||||78|72||||
Mickey Gasper|681508|2026|||||||||43|||||||32||||
Cody Freeman|683227|2026|||||||||14||||||32|38||||
Nick Madrigal|663611|2026|||||||||16||||||9|35||||
Richie Palacios|680700|2026|32|43|11|9|73|8|15|12|25|9|74|82|72|32|3|29|8|||
Will Brennan|686823|2026|||||||||10|||||||74||||
Will Benson|666181|2026|||||||||78||||||64|86||||
Taylor Trammell|666211|2026|||||||||90||||||21|50|51|||
Wade Meckler|685133|2026|||||||||19||||||72|87|78|||
Sean Keys|815873|2026|||||||||40|||||||38||||
Brewer Hicklen|676551|2026|||||||||68|||||||91||||
Jake Fraley|641584|2026|||||||||32||||||76|74||||
Gabriel Arias|672356|2026|||||||||77||||||83|34||||
Christian Vázquez|543877|2026|||||||||29|||||||1||||
Luis Lara|800325|2026|||||||||31||||||70|79||||
Brett Bateman|703520|2026|||||||||9||||||94|87||||
Miguel Rojas|500743|2026|||||||||56||||||22|19|84|||
Kyle Manzardo|700932|2026|30|10|34|55|32|43|78|54|39|50|2|62|14|42|2|9|11|||
Corbin Carroll|682998|2026|76|53|79|78|68|92|80|89|88|85|43|74|32|50|45|97|95|88|46|59
Jorbit Vivas|678391|2026|13|27|2|2|59|5|9|1|43|2|85|78|83|53|16|41|87|||
José Azócar|640492|2026|||||||||8|||||||80||||
Kaelen Culpepper|701785|2026|||||||||39||||||75|62||||
Alejandro Osuna|696030|2026|||||||||37||||||47|80||||
Kazuma Okamoto|672960|2026|60|13|79|88|24|90|89|77|85|70|10|51|7|64|26|26|21|61|29|92
Cole Carrigg|694249|2026|40|53|54|47|37|17|32|31|58|34|36|27|45|17|99|85|32|||
Ezequiel Tovar|678662|2026|7|15|29|41|1|43|42|20|51|20|23|11|24|3|61|68|40|48|4|68
Luis Urías|649966|2026|||||||||37||||||7|16||||
Adael Amador|691182|2026|||||||||40||||||6|32||||
Matt Chapman|656305|2026|11|4|5|19|24|17|38|34|88|27|41|69|54|71|64|68|86|||
Nick Gonzales|693304|2026|53|91|38|16|80|15|10|11|55|21|80|20|58|39|36|87|2|30|45|50
Orlando Arcia|606115|2026|||||||||11|||||||10||||
Colton Cowser|681297|2026|40|11|50|65|36|35|62|31|90|52|5|84|8|51|86|67|95|79|3|59
Tommy Pham|502054|2026|||||||||45|||||||19||||
Vaughn Grissom|687093|2026|35|43|35|34|40|38|40|22|60|26|68|16|62|38|56|36|1|30|60|31
Brady House|691781|2026|66|76|68|59|59|36|64|67|90|84|22|34|18|22|63|70|15|||
Cedric Mullins|656775|2026|2|1|2|23|2|17|19|33|65|19|64|44|64|42|36|62|97|32|53|50
Heliot Ramos|671218|2026|61|64|79|75|36|72|92|92|81|87|13|19|21|29|52|45|2|56|37|11
Angel Martínez|682657|2026|25|58|54|46|9|36|44|26|60|27|47|1|74|3|89|54|28|36|39|40
Victor Caratini|605170|2026|29|12|18|32|44|20|34|50|27|37|53|47|57|75||2||||
Santiago Espinal|669289|2026|||||||||9|||||||26||||
Ozzie Albies|645277|2026|4|11|11|22|3|31|14|18|43|5|83|17|70|10|2|41|60|11|60|31
J.C. Escarra|641555|2026|||||||||47|||||||21||||
Jonny DeLuca|676356|2026|1|21|6|8|1|5|9|7|72|12|51|4|44|16|78|93|97|||
Owen Caissie|683357|2026|||||||||85||||||81|74|7|||
Lazaro Montes|703155|2026|||||||||98|||||||22||||
Carlos Cortes|666126|2026|23|38|27|28|34|22|32|36|65|27|78|36|61|61|76|19||||
Keibert Ruiz|660688|2026|12|48|30|28|6|17|22|33|43|31|96|4|96|8||7||||
Blake Dunn|694362|2026|||||||||45||||||58|96||||
Patrick Bailey|672275|2026|33|38|52|54|24|22|47|76|52|60|19|36|36|40||8||||
Rafael Marchán|665561|2026|||||||||12|||||||22||||
Jared Triolo|669707|2026|10|38|4|2|34|1|6|10|42|18|60|29|67|76|56|78|41|||
Freddie Freeman|518692|2026|91|98|82|61|93|71|52|54|64|52|74|62|54|53|14|8|45|21|59|5
Willi Castro|650489|2026|33|27|42|49|32|43|51|26|80|47|16|44|13|11|79|70|8|56|4|40
Brandon Valenzuela|678218|2026|||||||||75|||||||11||||
Abimelec Ortiz|694673|2026|||||||||81|||||||8||||
William Contreras|661388|2026|69|71|74|68|58|76|55|71|87|70|84|56|73|60||16||65|90|31
Dane Myers|667472|2026|||||||||60||||||97|64|67|||
Christian Encarnacion-Strand|687952|2026|||||||||78||||||58|32||||
Adam Frazier|624428|2026|||||||||12||||||7|20||||
Jasson Domínguez|691176|2026|||||||||69||||||95|85||||
Bryce Teodosio|669326|2026|||||||||27||||||71|94||||
Bobby Witt Jr.|677951|2026|97|100|96|80|93|90|76|92|99|93|74|72|44|25|69|99|100|70|75|16
Zac Veen|691728|2026|||||||||74||||||83|78||||
Bryce Harper|547180|2026|97|83|88|84|98|81|69|64|91|65|50|97|13|32|87|45|5|72|12|40
Connor Joe|656582|2026|||||||||31|||||||39||||
Garrett Mitchell|669003|2026|87|78|76|64|87|66|76|96|97|96|3|77|2|89|90|98|92|98|20|40
Pete Crow-Armstrong|691718|2026|94|73|97|97|87|96|90|77|94|88|22|80|37|24|90|96|100|85|15|59
Adley Rutschman|668939|2026|53|58|55|49|58|31|39|44|80|40|78|53|88|76||29||||
Nelson Velázquez|676369|2026|||||||||65|||||||53||||
Miles Mastrobuoni|670156|2026|||||||||6|||||||51||||
Ryan Ward|669899|2026|||||||||39|||||||31||||
Miguel Andujar|609280|2026|||||||||47|||||||48||||
Hao-Yu Lee|701678|2026|28|27|47|55|16|35|56|56|81|52|36|39|33|54|21|71|1|||
Jorge Soler|624585|2026|16|2|22|51|13|36|73|37|85|61|2|59|1|64||16||||
Seiya Suzuki|673548|2026|73|45|65|68|76|78|71|38|88|42|28|91|52|90|84|62|89|64|25|31
Bo Davidson|815589|2026|||||||||16|||||||69||||
Geraldo Perdomo|672695|2026|64|69|16|11|94|17|10|26|58|16|93|96|97|95|50|38|98|3|96|16
Jesús Sánchez|660821|2026|||||||||82||||||74|24||||
John Peck|807726|2026|||||||||58||||||42|51||||
Brett Harris|695391|2026|||||||||11|||||||35||||
Chase DeLauter|800050|2026|82|89|65|43|89|48|34|85|73|81|84|72|93|95|65|28||37|97|31
Wenceel Pérez|672761|2026|||||||||35||||||42|73||||
Michael Toglia|669911|2026|||||||||11|||||||25||||
Isaac Paredes|670623|2026|51|45|30|30|78|38|21|9|52|11|91|72|94|67|13|6|33|2|75|88
Jerar Encarnacion|666464|2026|||||||||82|||||||30||||
Royce Lewis|668904|2026|27|27|42|49|13|67|71|59|83|45|24|25|7|27|35|56|17|85|8|98
Jacob Gonzalez|694378|2026|||||||||53||||||44|27|25|||
Kyle Teel|691019|2026|||||||||83|||||||40||||
Aaron Judge|592450|2026|||||||||98||||||81|31||||
Shay Whitcomb|694376|2026|||||||||33||||||29|46||||
Byron Buxton|621439|2026|78|49|91|96|32|81|97|70|78|82|28|24|12|22|58|97|83|72|19|97
Ezequiel Duran|677649|2026|23|41|28|28|29|43|30|44|76|40|36|29|38|19|91|89|99|54|23|31
Matt McLain|680574|2026|16|6|22|43|17|51|60|29|67|26|12|59|27|69|44|85|89|37|32|11
Juan Soto|665742|2026|100|98|100|99|100|84|93|93|93|85|90|98|71|96|57|12||53|96|25
Austin Hays|669720|2026|||||||||78|||||||42||||
Alex Bregman|608324|2026|50|51|36|33|71|57|32|33|37|33|85|73|91|87|25|22|94|18|94|16
Paul Goldschmidt|502671|2026|35|31|58|63|17|48|67|14|56|27|43|27|37|32|1|10||33|38|59
Jake Mangum|663968|2026|8|43|8|5|20|5|5|8|26|6|61|8|67|1|69|96|35|4|46|5
Tyler Locklear|682988|2026|||||||||76|||||||23||||
Elly De La Cruz|682829|2026|95|91|96|89|91|98|98|100|100|96|13|80|29|79|91|78|91|92|53|31
Tim Tawa|694374|2026|44|49|61|61|26|47|71|77|70|70|31|29|29|36|50|54|75|||
Sam Huff|669087|2026|||||||||15|||||||1||||
Tommy Troy|694371|2026|||||||||58||||||20|99||||
Colt Keith|690993|2026|66|84|62|44|68|38|47|42|73|58|58|27|61|82|40|70|26|||
Pete Alonso|624413|2026|99|94|99|99|97|100|96|98|94|98|31|82|34|69|6|5|74|80|52|31
Jake Bauers|641343|2026|93|56|83|86|98|81|92|91|95|95|16|98|18|93|61|35|5|93|35|80
Nate Eaton|681987|2026|||||||||31||||||97|95||||
Austin Wells|669224|2026|22|3|20|47|29|27|47|50|67|62|18|87|30|62||15||56|18|68
Nate Furman|801501|2026|||||||||7|||||||89||||
James Triantos|701649|2026|||||||||3|||||||20||||
Eloy Jiménez|650391|2026|||||||||9|||||||17||||
Jung Hoo Lee|808982|2026|40|96|36|11|61|8|5|24|30|15|98|6|96|40|83|51|9|8|98|80
James Outman|681546|2026|||||||||29||||||60|65||||
Deyvison De Los Santos|691277|2026|||||||||50|||||||82||||
Michael Arroyo|703197|2026|||||||||21|||||||72||||
James Wood|695578|2026|99|83|98|99|99|98|100|100|98|100|10|98|18|94|57|43|9|95|57|50
Willy Adames|642715|2026|19|11|43|59|4|54|58|22|51|41|13|22|26|36|53|58|1|50|21|99
Nick Loftin|679845|2026|14|18|11|17|36|13|17|14|69|11|76|57|84|77|53|67|18|||
Adolis García|666969|2026|||||||||80||||||93|27||||
Patrick Wisdom|621550|2026|||||||||50|||||||41||||
Joey Bart|663698|2026|||||||||53|||||||29||||
Ben Rortvedt|666163|2026|||||||||3|||||||18||||
Nick Morabito|703492|2026|||||||||20|||||||97||||
David Fry|681807|2026|||||||||33||||||91|24||||
Kameron Misner|670224|2026|||||||||4|||||||94||||
Sam Haggerty|664059|2026|||||||||17|||||||72||||
Nick Kurtz|701762|2026|94|41|89|95|96|71|99|98|97|100|2|100|1|87|4|29|21|99|2|88
Corey Seager|608369|2026|86|57|89|92|59|76|95|89|64|89|35|66|6|58|21|6|81|37|62|5
Michael Conforto|624424|2026|||||||||70||||||46|15||||
Chandler Simpson|802415|2026|1|71|1|1|10|1|1|1|25|1|100|3|99|39|47|95|94|1|99|3
Taylor Ward|621493|2026|69|36|20|23|94|28|23|42|52|39|50|98|80|100|49|51|30|8|94|11
Jake Rogers|668670|2026|||||||||50|||||||25||||
Harry Ford|695670|2026|||||||||62|||||||45||||
Masyn Winn|691026|2026|20|43|8|5|52|11|11|35|40|24|47|49|51|85|96|80|99|33|75|40
Max Clark|703601|2026|||||||||24||||||70|84||||
Jacob Young|696285|2026|40|68|38|28|55|31|28|28|60|14|79|20|72|64|63|92|96|15|91|31
José Ramírez|608070|2026|53|76|43|26|71|22|16|38|69|41|93|76|92|58|32|64|75|24|78|31
Zach Dezenzo|701305|2026|||||||||67|||||||61||||
Dominic Smith|642086|2026|||||||||48|||||||18||||
J.P. Crawford|641487|2026|47|24|20|26|78|31|34|28|32|23|62|92|87|98|20|21|1|33|82|50
Luis Arraez|650333|2026|30|96|33|7|49|3|1|11|14|1|100|8|100|29|25|33|97|1|100|1
Spencer Steer|668715|2026|76|45|80|82|61|56|82|59|27|43|44|49|41|72|63|80|30|||
Brandon Lockridge|663604|2026|||||||||65||||||62|92||||
Tristan Peters|671976|2026|38|51|38|34|49|28|25|24|40|22|67|27|54|31|48|83|96|18|66|11
Alan Roden|702176|2026|||||||||28||||||72|41||||
Gage Workman|669398|2026|||||||||47|||||||80||||
Jeremiah Jackson|669236|2026|||||||||70||||||39|43|21|||
Tyler Soderstrom|691016|2026|57|45|56|57|63|54|64|79|89|78|57|84|57|75|90|41|6|77|38|59
Denzer Guzman|694203|2026|||||||||62||||||51|55|38|||
Eric Wagaman|676572|2026|||||||||60|||||||28||||
Austin Wynns|642851|2026|||||||||50|||||||6||||
Kerry Carpenter|681481|2026|||||||||64||||||58|35||||
Nolan Arenado|571448|2026|21|20|24|34|27|54|42|4|40|13|57|45|49|35|37|7|83|33|30|100
Max Muncy|691777|2026|||||||||75||||||25|55||||
Enrique Hernández|571771|2026|||||||||29|||||||29||||
Kody Clemens|665019|2026|66|58|81|78|34|84|73|89|36|80|47|17|47|31|50|68|59|47|82|31
Luis Robert Jr.|673357|2026|||||||||94||||||51|89||||
Jared Young|676724|2026|49|53|50|44|46|28|47|74|91|82|67|22|47|64|2|52|34|||
Nathan Lukes|664770|2026|14|68|14|8|32|7|7|16|29|8|87|9|90|24|88|38|80|2|85|1
Ben Rice|700250|2026|96|78|97|96|91|96|93|89|70|88|29|89|40|83|1|34||54|74|80
Kyle Higashioka|543309|2026|||||||||26|||||||3||||
Joshua Kuroda-Grauer|811965|2026|||||||||49|||||||59||||
Konnor Griffin|804606|2026|||||||||89||||||74|98|9|||
Vinnie Pasquantino|686469|2026|66|58|66|62|67|57|59|64|45|54|82|72|92|42|1|13|64|27|84|50
Alek Thomas|677950|2026|||||||||33||||||22|58||||
Brandon Marsh|669016|2026|25|56|53|46|10|57|52|47|60|62|25|13|44|16|77|68|37|41|53|40
Donovan Walton|622268|2026|||||||||17||||||24|25|5|||
Dustin Harris|687957|2026|||||||||17||||||29|88||||
Matt Wallner|670242|2026|||||||||64||||||97|16||||
Shea Langeliers|669127|2026|88|78|92|90|58|78|91|84|94|66|38|29|24|29||79||85|28|40
Samad Taylor|669392|2026|||||||||13||||||55|93||||
Drew Millas|686452|2026|||||||||23|||||||53||||
CJ Kayfus|692216|2026|||||||||14|||||||50||||
Braden Montgomery|695731|2026|56|62|43|36|71|8|20|44|55|50|60|69|17|64|84|79|46|||
Pavin Smith|656976|2026|||||||||55||||||3|7||||
José Caballero|676609|2026|5|16|9|17|8|13|17|1|40|4|29|15|30|14|31|67|77|11|13|8
Jackson Chourio|694192|2026|78|73|87|85|46|87|83|88|90|83|36|39|41|25|76|87|91|77|60|50
Ha-Seong Kim|673490|2026|||||||||47||||||52|56||||
Marcus Semien|543760|2026|22|36|31|34|24|38|28|13|29|20|65|39|54|67|10|74|3|9|82|88
Myles Straw|664702|2026|||||||||37||||||57|97|88|||
Cam Cauley|695508|2026|||||||||7|||||||100||||
Andy Pages|681624|2026|76|86|71|57|73|57|47|43|55|58|60|42|64|36|96|75|94|60|43|68
Ryan Kreidler|668952|2026|||||||||89||||||53|60|79|||
A.J. Ewing|805999|2026|47|62|48|40|55|38|44|54|67|57|24|51|45|68|91|95|90|26|55|1
