name|stuff_plus|location_plus|pitching_plus
Ty Blach|110|130|142
Adrian Morejon|129|104|131
Jacob Misiorowski|128|101|129
Tyler Rogers|136|99|125
Jhoan Duran|123|99|125
Josh Hader|118|109|124
Jonathan Loáisiga|106|117|123
Evan Phillips|117|109|122
Seth Martinez|111|128|122
Chris Sale|118|109|122
Tarik Skubal|117|106|121
Louis Varland|115|106|121
Tanner Scott|121|104|120
Blake Snell|118|105|119
Alex McFarlane|122|97|119
Mason Miller|119|102|118
Jacob deGrom|109|108|118
Aroldis Chapman|115|105|117
Brendan Cellucci|105|111|117
Ryan Thompson|121|102|117
Hunter Harvey|106|113|117
Mason Montgomery|110|106|117
Aaron Ashby|118|95|116
Yennier Cano|108|107|116
José A. Ferrer|126|94|116
Tyron Guerrero|113|106|116
Grant Taylor|105|110|115
Steven Okert|114|105|115
Didier Fuentes|115|102|115
Cade Smith|114|102|115
Seth Lonsway|94|115|115
Jonathan Bowlan|112|103|114
Cam Schlittler|113|102|114
José Alvarado|114|95|114
Chase Burns|112|101|114
Justin Martinez|128|86|114
Drew Rasmussen|110|106|114
Dedniel Núñez|105|108|114
Kyle Harrison|106|111|113
Cristopher Sánchez|117|97|113
Griffin Jax|104|107|113
Bryce Miller|106|108|113
Luis De León|113|99|113
Tim Hill|127|91|113
Brandyn Garcia|114|101|113
Brock Stewart|108|105|113
Zack Wheeler|105|107|113
Cade Horton|99|116|113
Bryan Baker|113|103|113
Michael Petersen|113|102|113
Jordan Wicks|97|114|112
Payton Tolle|115|100|112
Gabe Speier|114|103|112
Drew Sommers|116|101|112
Daniel Espino|110|104|112
George Kirby|101|112|112
Logan Gilbert|110|103|112
Shohei Ohtani|114|98|112
Logan VanWey|103|113|112
Blake Weiman|94|118|111
Jesús Luzardo|110|103|111
Jhony Brito|99|118|111
Bryan Woo|108|107|111
Juan Morillo|109|104|111
Ryan Zeferjahn|118|92|111
Tim Mayza|97|113|111
Robert Suarez|108|103|111
Will Dion|107|106|111
Michael Grove|93|120|111
Will Warren|103|106|111
Trevor Megill|115|100|111
Jeremiah Estrada|112|98|111
Michael Rucker|103|108|110
Mick Abel|111|102|110
Dylan Lee|113|100|110
Jacob Latz|113|101|110
Reid Detmers|104|109|110
Ryan Weathers|103|108|110
Braxton Ashcraft|107|107|110
Yoshinobu Yamamoto|102|107|110
Joe Ryan|107|106|110
Kevin Kelly|115|97|110
Roki Sasaki|111|98|110
Antwone Kelly|111|100|110
Gavin Williams|105|105|110
Yacksel Ríos|106|106|110
Max Fried|107|102|109
Justin Slaten|108|101|109
Luis Curvelo|100|110|109
Miguel Ullola|105|101|109
Tyler Zuber|112|101|109
Devin Williams|110|99|109
Andrés Muñoz|118|92|109
Blake Treinen|108|105|109
Elvis Alvarado|111|97|109
Janson Junk|100|110|109
Brody Hopkins|118|83|109
Spencer Bivens|110|107|109
Anthony Gose|113|98|109
Cionel Pérez|106|103|109
Anthony Bender|114|101|109
Riley Martin|109|105|109
Garrett Whitlock|99|112|109
Edgardo Henriquez|127|82|109
Caleb Thielbar|113|100|109
Hunter Greene|111|98|109
Gavin Hollowell|108|103|109
Trent Harris|100|106|108
Justin Wrobleski|97|113|108
Braxton Roxby|105|111|108
Will Vest|105|107|108
Bradgley Rodriguez|103|106|108
JoJo Romero|108|100|108
Zack Kelly|108|99|108
Luis Severino|107|102|108
Anthony Kay|104|104|108
Alex Hoppe|114|96|108
Jared Jones|101|105|108
Luke Weaver|101|106|108
Paul Sewald|108|102|108
Wandy Peralta|101|106|108
Spencer Miles|100|110|108
Emmet Sheehan|100|106|108
José Rodríguez|98|106|107
Brian Fitzpatrick|99|108|107
Cooper Criswell|101|110|107
Aaron Nola|104|104|107
Erik Miller|117|90|107
Grant Wolfram|110|100|107
A.J. Minter|104|104|107
CJ Van Eyk|91|114|107
Chris Martin|102|107|107
Abner Uribe|109|100|107
David Bednar|103|105|107
Dylan Dodd|109|104|107
Brian Keller|100|127|107
Drew Pomeranz|106|100|107
Ray Kerr|100|108|107
Ryne Nelson|106|101|107
Cam Booser|112|100|107
Orlando Ribalta|102|106|107
Andrew Painter|103|103|107
Kenley Jansen|108|99|107
Daniel Palencia|100|103|107
Graham Ashcraft|110|99|107
Jackson Jobe|103|104|107
Eddy Yean|89|114|107
Mason Fluharty|106|99|107
Logan Henderson|102|108|107
Robert Garcia|107|96|107
Gerrit Cole|103|106|106
Robby Ahlstrom|106|102|106
Joel Peguero|99|108|106
Blake Walston|85|110|106
José Urquidy|97|112|106
Alex Vesia|115|92|106
Ryan Helsley|121|88|106
Josh Ekness|118|90|106
Keegan Akin|100|107|106
Ryan Rolison|103|102|106
Andrew Morris|107|102|106
Antonio Senzatela|104|105|106
Dustin May|102|103|106
Ben Casparius|103|99|106
Tyler Schweitzer|98|106|106
Andrew Nardi|109|98|106
Juan Burgos|111|98|106
Alec Gamboa|111|96|106
Jack Dreyer|103|102|106
Trevor Rogers|102|107|106
Ryan Watson|91|113|106
Luke Little|98|115|106
José Soriano|97|106|106
Anthony Molina|102|106|106
Grant Anderson|103|101|105
Jack Ralston|107|99|105
Angel Zerpa|107|103|105
Nolan McLean|107|95|105
Parker Messick|97|106|105
Kevin Ginkel|95|112|105
Edwin Díaz|108|96|105
Max Meyer|98|105|105
Casey Legumina|111|97|105
Enmanuel De Jesus|103|104|105
Paul Skenes|99|107|105
Garrett Crochet|113|95|105
Tyler Wells|97|108|105
Jake Bennett|93|114|105
Mason Englert|95|110|105
Bubba Chandler|101|102|105
Walbert Ureña|101|102|105
Nathan Eovaldi|95|107|105
Noah Cameron|97|105|105
Logan Webb|99|104|104
Cole Sulser|97|105|104
Justin Bruihl|102|103|104
Pete Fairbanks|123|87|104
Eury Pérez|114|93|104
Nick Martinez|98|107|104
Christian Scott|107|99|104
Max Lazar|96|106|104
Jake Bird|110|97|104
Colton Gordon|99|104|104
Erik Tolman|119|87|104
Kevin Gausman|97|107|104
Greg Weissert|103|105|104
Freddy Peralta|97|106|104
Jason Foley|99|103|103
Seth Johnson|109|94|103
Aaron Civale|96|109|103
Steven Matz|100|105|103
Landen Roupp|98|104|103
Garrett Cleavinger|110|93|103
Gage Jump|107|99|103
Chase Dollander|110|95|103
Steven Cruz|109|97|103
Dylan Cease|105|98|103
Coleman Crow|101|105|103
Ryan Walker|106|98|103
Nate Lavender|98|106|103
Bryan King|101|105|103
Chris Roycroft|99|106|103
Cade Gibson|105|97|103
Shota Imanaga|92|110|103
Connor Prielipp|103|103|103
Samy Natera Jr.|111|92|103
Reiver Sanmartin|97|103|103
Craig Yoho|98|103|103
Carlos Vargas|107|101|103
Shane Baz|98|103|103
Sandy Alcantara|100|103|103
Tyler Alexander|100|105|103
Kyle Hart|106|95|103
Wilber Dotel|102|100|103
Gus Varland|102|104|103
Brad Keller|109|94|103
Hoby Milner|105|101|103
Alimber Santa|103|100|103
Patrick Sandoval|101|99|103
Andre Pallante|97|104|103
Nick Pivetta|101|103|103
Jonathan Hernández|105|99|102
Sonny Gray|101|98|102
Yovanny Cruz|116|84|102
Brenan Hanifee|104|101|102
Jeff Hoffman|106|96|102
Jacob Webb|97|106|102
Jordan Hicks|114|91|102
Brandon Pfaadt|96|105|102
José Fermin|105|98|102
Eduardo Rodriguez|92|109|102
Kade Anderson|97|105|102
Beau Brieske|99|104|102
Craig Kimbrel|109|92|102
Matt Waldron|94|107|102
Joe La Sorsa|111|110|102
Easton McGee|98|107|102
Ian Seymour|102|102|102
Troy Melton|100|100|102
Rico Garcia|98|101|102
Luis Castillo|96|108|102
Tyler Mahle|88|111|102
Caleb Kilian|103|100|102
Emerson Hancock|101|106|102
Riley O'Brien|106|98|102
Brendon Little|109|89|102
Daniel Lynch IV|102|97|101
Jakob Junis|95|107|101
AJ Smith-Shawver|105|99|101
Javier Assad|100|100|101
Ryne Stanek|108|95|101
Joe Mantiply|112|90|101
Shane McClanahan|107|94|101
Brent Suter|99|107|101
Tyler Ferguson|104|104|101
Kyle Leahy|93|106|101
Justin Hagenman|93|107|101
Thomas Pannone|102|104|101
Hunter Brown|104|95|101
Will Klein|95|103|101
Camilo Doval|101|98|101
Connor Thomas|96|105|101
Eduard Bazardo|104|101|101
Hogan Harris|106|98|101
Enyel De Los Santos|95|106|101
Chase Silseth|97|103|101
Tyler Glasnow|101|96|101
Tanner Banks|101|103|101
Ben Joyce|121|81|101
Brandon Young|97|105|101
Hagen Smith|108|93|100
Orion Kerkering|107|95|100
Tyler Kinley|102|100|100
Taylor Clarke|91|105|100
Tanner Bibee|102|100|100
Jesse Scholtens|93|106|100
Wyatt Olds|111|87|100
Gregory Santos|99|100|100
Tommy Nance|102|97|100
Cristian Javier|99|103|100
Stephen Kolek|92|106|100
Brayan Bello|92|107|100
Raisel Iglesias|96|106|100
Cole Winn|99|100|100
Kyle Bradish|100|98|100
Framber Valdez|103|96|100
Lucas Erceg|99|102|100
Tobias Myers|103|98|100
Austin Warren|99|100|100
Josh Fleming|107|92|100
River Ryan|102|97|100
Adrian Houser|90|108|100
DL Hall|103|96|100
Alexander Cornielle|109|88|100
Grayson Rodriguez|103|99|100
Keaton Winn|98|101|100
Brooks Raley|109|92|100
Connelly Early|103|97|100
Seranthony Domínguez|110|91|100
Ben Peoples|101|100|100
Matt Brash|102|97|100
Taj Bradley|110|91|100
Sean Newcomb|104|98|100
David Morgan|104|98|100
Jacob Lopez|98|103|100
Edward Cabrera|94|104|100
Matthew Boyd|95|107|100
Cade Cavalli|102|99|100
Luis Perales|115|84|100
Joey Gerber|100|98|100
Jordan Leasure|105|94|100
Jack Perkins|97|101|99
Ben Brown|102|99|99
Alex Cook|102|97|99
Danny Young|109|91|99
Trevor McDonald|99|100|99
Sean Burke|99|101|99
Joel Payamps|96|102|99
J.T. Ginn|93|102|99
Peyton Gray|92|106|99
Kyle Backhus|110|95|99
Dax Fulton|110|87|99
Chase Solesky|109|95|99
Luis Gastelum|100|99|99
John Schreiber|102|97|99
Hunter Gaddis|98|99|99
Andrew Kittredge|98|103|99
Alek Jacob|86|119|99
Brandon Woodruff|95|105|99
Yusei Kikuchi|97|101|99
Zac Gallen|87|109|99
Chad Dallas|97|100|99
Calvin Faucher|103|95|99
Erick Fedde|89|108|99
Ranger Suarez|94|105|99
Chase Petty|100|100|99
Bryan Hudson|106|95|99
Drew Anderson|97|100|99
Andrew Alvarez|95|99|99
Erik Sabrowski|110|91|99
Michael Wacha|98|101|99
Tristan Beck|95|101|99
John Brebbia|88|119|99
Jake Woodford|98|101|99
Chris Paddack|89|110|99
Victor Vodnik|102|91|99
Daniel Duarte|100|103|99
Gregory Soto|112|91|99
Ethan Pecko|98|98|99
Derek Law|93|101|98
Foster Griffin|98|102|98
Max Scherzer|94|105|98
Johan Oviedo|105|94|98
Eduardo Rivera|100|96|98
Pierce Johnson|100|103|98
Tyler Davis|102|98|98
Gavin Collyer|115|86|98
Zach Eflin|95|107|98
Scott Blewett|93|103|98
Hunter Stratton|106|99|98
Matt Strahm|104|95|98
Chris Murphy|108|92|98
Duncan Davitt|96|97|98
Quinn Mathews|97|101|98
TJ Shook|84|112|98
Brant Hurter|117|84|98
Chris Bassitt|98|101|98
Bryse Wilson|94|109|98
Jack Leiter|102|94|98
Joe Boyle|109|86|98
Brent Headrick|103|97|98
Yohan Ramírez|110|91|98
Tom Cosgrove|99|106|98
Luis Medina|104|92|98
Ryan Yarbrough|100|103|98
Matt Wilkinson|86|109|98
Shane Drohan|100|99|98
MacKenzie Gore|98|100|98
Anthony Nunez|106|90|98
Josh Simpson|109|98|98
George Soriano|100|95|97
David Sandlin|99|98|97
AJ Blubaugh|104|94|97
Bruce Zimmermann|81|110|97
Ryan Gusto|96|102|97
JT Brubaker|90|106|97
Jefry Yan|126|71|97
Trey Yesavage|108|90|97
Chad Patrick|101|96|97
Michael King|95|101|97
Luis Mey|104|93|97
Alan Rangel|100|101|97
Sam Bachman|102|94|97
Brock Burke|105|92|97
Sam Moll|102|93|97
Tyler Holton|100|97|97
Yaramil Hiraldo|104|95|97
Josh Walker|99|97|97
Patrick Corbin|94|103|97
Michael Soroka|94|104|97
Jhonathan Díaz|97|100|97
Justin Sterner|100|97|97
Zach Pop|105|92|97
Sean Manaea|103|98|97
Walker Buehler|95|100|97
Jeffrey Springs|96|100|97
Hunter Dobbins|96|100|97
Tyler Samaniego|101|95|97
Kervin Castro|99|103|97
Chase Shugart|103|94|97
Cade Winquest|86|106|97
Raymond Burgos|96|109|97
Cesar Perdomo|87|104|96
Randy Vásquez|97|103|96
William Kempner|116|84|96
Brooks Kriske|98|100|96
Caleb Ferguson|104|95|96
JR Ritchie|95|95|96
Miles Mikolas|89|108|96
Carson Palmquist|107|93|96
Robert Stock|100|97|96
Cody Bolton|98|98|96
Sammy Peralta|98|101|96
Mitchell Parker|95|102|96
Lance McCullers Jr.|97|96|96
Paul Blackburn|93|100|96
Alex Lange|96|96|96
Casey Mize|88|106|96
Zebby Matthews|95|102|96
Joe Ross|90|102|96
Julian Aguiar|87|106|96
Cal Quantrill|89|108|96
Cole Ragans|109|86|96
Robert Gasser|106|94|96
Carlos Rodón|108|90|96
Taylor Rogers|106|95|96
Matt Svanson|96|100|96
Keegan Thompson|91|105|96
Zach Maxwell|110|87|96
Trevor Martin|99|93|96
Yerry De los Santos|97|101|96
Connor Brogdon|96|97|96
Joel Kuhnel|98|98|96
Kris Bubic|95|98|96
Matthew Liberatore|97|99|96
Brett Kerry|86|110|96
Jameson Taillon|92|99|96
Brandan Bidois|110|87|96
Carmen Mlodzinski|91|104|96
Eric Orze|96|97|95
Kyle Hurt|94|100|95
Clay Holmes|96|99|95
Colin Holderman|107|93|95
Bennett Sousa|106|89|95
Ethan Roberts|96|95|95
Luis García|95|97|95
Josiah Gray|86|102|95
Paxton Schultz|91|104|95
Trent Thornton|97|99|95
Emilio Pagán|104|94|95
Jack Weisenburger|102|99|95
Tejay Antone|100|97|95
Huascar Brazobán|96|98|95
Elieser Hernández|102|96|95
Matt Festa|102|92|95
Adam Macko|98|99|95
Brady Basso|96|100|95
Franco Aleman|100|96|95
Merrill Kelly|89|101|95
Hayden Wesneski|95|99|95
Noah Schultz|98|99|95
Jose Cuas|104|93|95
Tyler Uberstine|107|95|95
Michael McGreevy|81|110|95
Kyle Finnegan|99|96|95
Ronel Blanco|93|101|95
David Peterson|89|102|95
Tyler Gilbert|104|95|95
Brennan Bernardino|92|106|95
Tyler Phillips|95|99|94
Keider Montero|93|101|94
José Suarez|95|98|94
Mason Barnett|95|99|94
Bryce Elder|84|106|94
Corbin Burnes|94|98|94
Bradley Hanner|110|84|94
Landon Knack|93|103|94
Phil Maton|103|89|94
Yariel Rodríguez|99|91|94
Zac Thornton|99|97|94
Andrew Sears|103|92|94
Jordan Montgomery|91|107|94
Jedixson Paez|85|105|94
Trey Gibson|98|93|94
Jack Flaherty|100|95|94
Carson Spiers|99|104|94
Braydon Fisher|99|97|94
Ryan Fernandez|97|96|94
John King|94|98|94
Justin Topa|95|98|94
Gordon Graceffo|93|99|94
Jonathan Pintaro|108|86|94
Connor Phillips|115|80|94
Chris Devenski|102|94|94
Kodai Senga|97|92|94
Robby Snelling|105|91|94
Mason Adams|93|100|94
Ryan Borucki|98|92|94
Seth Lugo|90|103|94
Yuki Matsui|103|91|94
Luinder Avila|100|91|94
Lake Bachar|97|97|94
Garrett Stallings|88|102|94
Cole Wilcox|99|95|94
Bradley Blalock|103|94|94
Colin Rea|94|99|94
Hayden Juenger|87|103|94
Mike Paredes|94|98|94
Mark Leiter Jr.|92|99|94
Dylan Smith|103|90|94
Jason Adam|97|97|94
Brandon Williamson|98|93|93
Jake Irvin|99|97|93
Mitch Keller|92|101|93
Andrew Abbott|94|99|93
Kyle Freeland|90|103|93
Rolddy Muñoz|93|103|93
Cole Sands|91|101|93
Peter Lambert|92|100|93
Chase Lee|96|96|93
Ricky Vanasco|89|102|93
Chayce McDermott|96|93|93
Ryan Weiss|102|90|93
Jayden Murray|95|100|93
Welinton Herrera|91|100|93
Yoendrys Gómez|113|81|93
Rhett Lowder|87|104|93
Ryan Feltner|92|98|93
Mason Black|94|96|93
Gabriel Hughes|85|107|93
Cam Sanders|102|89|93
Mike Burrows|94|98|93
Kendry Rojas|104|88|93
Tanner Gordon|86|109|93
Andrew Hoffmann|91|101|93
Brandon Sproat|100|93|93
Kody Funderburk|103|89|93
Nick Davila|93|100|92
Albert Suárez|85|106|92
Danny Coulombe|95|90|92
Cody Bradford|87|110|92
Spencer Arrighetti|100|89|92
Hunter Barco|103|89|92
Angel Chivilli|94|93|92
Nick Lodolo|105|89|92
Brandon Eisert|83|104|92
Connor Seabold|91|101|92
Anthony Banda|103|89|92
Isaac Mattson|99|97|92
Slade Cecconi|95|101|92
Joey Cantillo|94|96|92
Seth Halvorsen|105|86|92
JP Sears|91|99|92
Blade Tidwell|102|92|92
Carlos Carrasco|82|108|92
Matt Gage|94|95|91
Jalen Beeks|89|101|91
Tim Herrin|101|92|91
Wilkin Ramos|94|97|91
Nick Mears|100|92|91
Shane Bieber|90|96|91
Shane Smith|98|92|91
Julian Garcia|89|102|91
Carlos Hernández|102|86|91
Griffin Canning|91|97|91
Jovani Morán|100|89|91
Jack Kochanowicz|95|93|91
Kolby Allard|93|104|91
Beck Way|99|91|91
Blas Castaño|91|102|91
Owen Murphy|93|101|90
Jack Anderson|91|101|90
Jake Eder|92|97|90
Clarke Schmidt|97|91|90
Carson Seymour|106|82|90
Grant Holmes|88|99|90
Spencer Strider|97|94|90
Marco Raya|89|95|90
Martín Pérez|86|101|90
Logan Allen|98|96|90
Peter Strzelecki|96|94|90
Richard Lovelady|96|94|90
Marco Gonzales|93|99|90
Vince Velasquez|91|101|90
Nick Sandlin|99|86|90
Troy Taylor|105|86|90
Nate Pearson|104|84|90
Jose Corniell|92|96|90
Clayton Beeter|100|89|90
Bobby Miller|99|93|90
Eric Lauer|88|104|90
Zach Agnos|90|99|90
Michael Lorenzen|87|100|90
Juan Mejia|97|96|90
Fernando Cruz|98|89|90
Shawn Armstrong|102|90|89
Trevor Richards|90|103|89
Jonah Tong|95|93|89
Yunior Tur|97|88|89
Kumar Rocker|91|96|89
Victor Mederos|100|90|89
Bryan Abreu|101|86|89
Ryan Johnson|94|94|89
Reynaldo López|90|99|89
Tomoyuki Sugano|82|103|89
Brad Lord|94|99|89
Kevin Herget|72|118|89
Geoff Hartlieb|93|95|89
Philip Abner|90|96|89
Kohl Drake|94|96|89
Jose Espada|91|98|89
Jake Meyers|62|139|89
Jaden Hill|97|93|89
Burch Smith|97|88|89
Ron Marinaccio|94|94|89
Patrick Monteverde|87|98|89
Shaun Anderson|86|96|88
Cade Povich|99|89|88
PJ Poulin|94|95|88
Joey Estes|94|97|88
DJ Herz|91|94|88
Luke Murphy|94|96|88
Randy Dobnak|81|106|88
Tanner Andrews|88|88|88
Drey Jameson|96|90|88
Bailey Ober|92|94|88
Jimmy Herget|98|92|88
James Karinchak|95|92|88
Yilber Díaz|102|91|88
Carson Whisenhunt|94|91|88
Brandon Leibrandt|88|94|88
Jack Sinclair|101|85|87
Brycen Mautz|105|80|87
Dennis Santana|91|97|87
Khristian Curtis|95|89|87
Dean Kremer|91|95|87
Yunior Marte|123|71|77
Sam Aldegheri|90|96|87
Bailey Falter|88|94|87
Tayler Saucedo|100|84|87
Parker Mushinski|102|84|87
Jose Quintana|81|105|87
Drew Rom|90|93|87
Antoine Kelly|117|65|87
Luis Gil|99|85|87
Winston Santos|99|92|87
Peyton Pallette|92|96|86
Gerardo Carrillo|100|86|86
Mark Manfredi|93|94|86
Riley Cornelio|103|84|86
Robbie Ray|94|90|86
Brady Singer|91|95|86
Jason Alexander|90|96|86
Germán Márquez|87|99|86
Lyon Richardson|87|93|86
Ricky Tiedemann|105|81|86
Carl Edwards Jr.|88|95|86
Zack Littell|83|101|86
Nick Raquet|99|87|86
Simeon Woods Richardson|87|94|86
Mitch Bratt|90|95|86
Kade Morris|92|93|86
Jackson Kent|88|95|86
Jared Shuster|90|85|86
Jose Franco|94|90|86
Garrett Acton|97|89|86
Sam Hentges|98|87|86
Travis Adams|93|92|86
Corbin Martin|94|89|86
Eli Morgan|96|90|86
Osvaldo Bido|99|89|86
Domingo Gonzalez|95|84|86
Christian Roa|97|89|85
Brendan Beck|88|99|85
Dietrich Enns|100|86|85
Kirby Yates|88|99|85
Luis Morales|98|86|85
Tatsuya Imai|86|96|85
Josh Hendrickson|100|79|85
Tony Santillan|90|93|85
Kai-Wei Teng|96|89|85
Cody Laweryson|93|93|85
Davis Martin|90|94|85
Ty Johnson|106|78|85
Justin Lawrence|102|82|85
Ty Madden|88|96|85
Michael Fulmer|100|90|85
Xzavion Curry|87|94|84
Cole Henry|96|90|84
Max Kranick|93|90|84
Nick Frasso|96|92|84
Jonathan Heasley|92|94|84
Jacob Waguespack|92|93|84
Matt Pushard|96|90|84
Trevor Williams|93|91|84
Joey Lucchesi|100|83|84
Evan Sisk|105|78|83
Max Rajcic|97|88|83
George Klassen|99|81|83
Aaron Bummer|104|81|83
Nolan Hoffman|96|85|83
Austin Peterson|95|87|83
Woo-Suk Go|82|94|83
Cameron Foster|102|80|83
Andre Granillo|98|81|83
Tommy Kahnle|90|92|83
Michael Kelly|102|81|82
Taijuan Walker|89|93|82
Paul Gervase|87|89|82
Codi Heuer|98|84|82
Lucas Giolito|87|91|82
Ian Hamilton|94|84|82
Taylor Rashi|85|95|81
Sean Sullivan|81|100|81
Hunter Bigge|99|78|81
Emiliano Teodo|106|75|81
Jose Cabrera|88|88|81
Ken Waldichuk|99|81|80
Eiberson Castellano|90|87|80
Cody Ponce|95|84|80
Austin Voth|91|85|80
Jordan Romano|90|90|80
Austin Hedges|67|109|80
Lucas Sims|100|79|79
Zak Kent|92|85|79
Mitch Farris|92|87|79
Elmer Rodríguez|95|84|79
Mitch Spence|90|84|79
Dylan Ross|98|74|78
Tony Gonsolin|88|86|78
Zach McCambley|97|84|78
Andrew Wantz|103|79|77
Carson Kelly|41|131|77
Justin Verlander|101|77|77
Jeff Criswell|81|88|77
Jared Koenig|104|75|77
Jonathan Cannon|103|77|77
Lazaro Estrada|95|84|76
Grant Holman|100|78|76
Kyle Nicolas|94|73|75
Valente Bellozo|86|87|75
Matt Krook|113|65|74
Carlos Rodriguez|86|83|74
Scott Barlow|92|81|74
Charlie Barnes|76|91|74
Hancel Rincon|89|80|74
Lou Trivino III|90|81|73
Hurston Waldrep|90|74|73
Noah Murdock|106|69|72
Matt Seelinger|101|71|71
Jackson Rutledge|91|76|71
Carter Baumler|102|67|71
Kent Emanuel|87|87|71
J.P. France|95|74|70
Guillo Zuñiga|106|69|70
Julian Fernández|91|74|69
Roddery Muñoz|87|79|69
Cooper Hjerpe|92|82|69
Tanner Rainey|100|64|69
Cole Irvin|89|82|69
José Buttó|92|69|68
Aaron Brooks|81|82|67
Manuel Rodríguez|96|65|67
Ben Bowden|84|76|67
Luke Maile|25|125|67
Zach Brzykcy|87|80|66
Cameron Weston|88|78|65
Pedro Pagés|22|139|65
Jhonny Pereda|34|117|64
Bryan Torres|28|114|63
Doug Nikhazy|64|80|62
Félix Bautista|83|77|62
Alek Manoah|66|84|61
Braxton Garrett|90|66|60
John Klein|96|68|60
Jared Simpson|101|53|58
Rodolfo Durán|51|89|58
Kade Strowd|95|51|58
Blake Adams|86|75|57
Wyatt Mills|99|55|56
Adrian Del Castillo|0|148|55
Miguel Rojas|36|105|55
Carlos Duran|93|56|54
Orlando Arcia|41|98|53
Nicky Lopez|14|121|52
Joe Rock|98|51|52
Tyler Tolbert|45|105|50
Carlos Cortes|59|84|47
Christian Koss|17|120|47
Carlos Estévez|80|62|46
César Salazar|25|104|45
Garrett Stubbs|41|94|45
Jose Trevino|33|106|44
Josh Rojas|30|117|44
Enrique Hernández|48|90|43
P.J. Higgins|24|110|42
Blake Burkhalter|96|38|42
Kyle Higashioka|32|101|41
Luisangel Acuña|40|90|40
Javier Sanoja|50|85|40
Brett Sullivan|22|101|39
Adam Frazier|37|94|39
Rafael Flores Jr.|32|96|38
Eric Cerantola|89|42|37
Andruw Monasterio|35|96|37
Nolan Kingham|89|36|36
Ben Williamson|30|91|35
Troy Johnston|55|89|35
Jake Rogers|31|84|35
Jorge Mateo|16|99|34
José Tena|47|86|34
Josh White|83|52|33
Ildemaro Vargas|45|81|32
Victor Robles|55|71|32
Gary Sánchez|24|102|32
James McCann|45|81|31
Tyler Callihan|41|75|30
Weston Wilson|31|92|29
Max Schuemann|41|87|28
Leo Rivas|29|84|26
Andrew Vaughn|46|75|25
Jorbit Vivas|21|84|22
Tyler Heineman|9|103|21
Myles Straw|16|96|20
Tanner McDougal|81|31|18
Alex Jackson|27|75|16
LaMonte Wade Jr.|23|95|15
Zack Short|23|107|12
Chadwick Tromp|33|69|8
Joey Wiemer|36|62|8
Dylan Moore|13|77|6
Luis Torrens|-2|81|1
Buddy Kennedy|12|82|1
Reese McGuire|13|82|-11
Zach McKinstry|4|54|-29
Sam Haggerty|-16|72|-48
